idx,train(cpu_line)(nano sec),test(cpu_line)(nano sec),train(mem)(MiB),test(mem)(MiB),total_addr_space(mem)(MiB)
1,3e+10,24407861.0,0.1,0.5,126.2
2,3e+10,24386382.0,0.1,0.5,126.7
3,3e+10,24312805.0,0.1,0.5,126.3
4,3e+10,24418490.0,0.3,0.2,126.2
5,3e+10,24610735.0,0.3,0.2,125.2
6,3e+10,24268797.0,0.5,0.0,125.2
7,3e+10,24299372.0,0.1,0.6,125.4
8,3e+10,24419896.0,0.1,0.5,125.0
9,3e+10,24151172.0,0.1,0.6,125.4
10,3e+10,24348866.0,0.1,0.5,125.1
11,3e+10,24235680.0,0.1,0.6,125.3
12,3e+10,24177289.0,0.1,0.6,125.7
13,3e+10,24254190.0,0.1,0.6,125.3
14,3e+10,24375990.0,0.1,0.6,125.2
15,3e+10,24307620.0,0.1,0.6,125.4
16,3e+10,24300596.0,0.1,0.6,125.5
17,3e+10,24453413.0,0.1,0.6,125.1
18,3e+10,25396698.0,0.1,0.5,125.5
19,3e+10,24258288.0,0.1,0.5,125.5
20,3e+10,24646859.0,0.1,0.6,125.5
21,3e+10,24446247.0,0.1,0.6,125.3
22,3e+10,24354120.0,0.1,0.5,125.4
23,3e+10,24331989.0,0.1,0.6,125.7
24,3e+10,24365481.0,0.1,0.6,125.6
25,3e+10,24236861.0,0.1,0.6,125.1
26,3e+10,26894113.0,0.1,0.6,125.7
27,3e+10,24329130.0,0.1,0.5,125.4
28,3e+10,24249512.0,0.1,0.6,125.5
29,3e+10,24328246.0,0.1,0.6,125.1
30,3e+10,24222298.0,0.1,0.5,125.4
31,3e+10,24088439.0,0.1,0.6,125.3
32,3e+10,23981812.0,0.1,0.5,125.4
33,3e+10,24091398.0,0.1,0.6,125.3
34,3e+10,24066867.0,0.1,0.6,125.6
35,3e+10,24270098.0,0.1,0.6,125.1
36,3e+10,24238849.0,0.1,0.6,125.5
37,2e+10,23756400.0,3.8,0.0,128.7
38,2e+10,23381295.0,3.8,0.0,128.7
39,2e+10,23876640.0,3.8,0.0,128.6
40,2e+10,23658900.0,3.8,0.0,128.6
41,2e+10,23544924.0,3.8,0.0,128.3
42,2e+10,23662675.0,3.8,0.0,128.9
43,2e+10,23539493.0,3.7,0.0,128.7
44,2e+10,23462042.0,3.8,0.0,128.2
45,2e+10,23635322.0,3.8,0.0,128.2
46,2e+10,23410246.0,3.7,0.0,128.5
47,2e+10,23547964.0,3.8,0.0,128.3
48,2e+10,23510606.0,3.8,0.0,128.2
49,2e+10,23467710.0,3.8,0.0,128.9
50,2e+10,23281627.0,3.8,0.0,128.6
51,2e+10,23457415.0,3.8,0.0,128.3
52,2e+10,23459866.0,3.8,0.0,128.4
53,2e+10,23628889.0,3.8,0.0,128.5
54,2e+10,23463732.0,3.8,0.0,128.7
55,3e+10,25346030.0,0.4,0.0,126.7
56,3e+10,25400087.0,0.3,0.0,127.1
57,3e+10,25561156.0,0.4,0.0,127.1
58,3e+10,25604502.0,0.4,0.0,126.9
59,3e+10,25259042.0,0.1,0.6,125.2
60,3e+10,25420190.0,0.1,0.6,125.5
61,3e+10,25397432.0,0.3,0.0,127.0
62,3e+10,25231027.0,0.4,0.0,126.9
63,3e+10,25187954.0,0.3,0.0,126.8
64,3e+10,25574778.0,0.4,0.0,126.8
65,3e+10,25193684.0,0.1,0.6,125.4
66,3e+10,25297819.0,0.1,0.6,125.6
67,3e+10,25265599.0,0.1,0.6,125.1
68,3e+10,25792398.0,0.1,0.5,125.0
69,3e+10,25621698.0,0.1,0.5,125.3
70,3e+10,25389493.0,0.1,0.6,125.1
71,3e+10,25441848.0,0.1,0.6,125.1
72,3e+10,25286457.0,0.1,0.7,125.4
73,3e+10,25373422.0,0.4,0.0,126.9
74,3e+10,27356808.0,0.1,0.6,125.5
75,4e+10,25583844.0,0.4,0.0,126.8
76,3e+10,25208018.0,0.4,0.0,127.3
77,3e+10,25199428.0,0.1,0.6,125.4
78,4e+10,25489276.0,0.1,0.6,125.4
79,3e+10,25296047.0,0.4,0.0,127.0
80,4e+10,25287558.0,0.4,0.0,126.9
81,3e+10,25248183.0,0.3,0.0,127.0
82,3e+10,25220768.0,0.4,0.0,126.6
83,4e+10,25554209.0,0.1,0.5,125.4
84,3e+10,25294539.0,0.1,0.5,125.5
85,4e+10,25512449.0,0.1,0.5,125.5
86,3e+10,25482787.0,0.1,0.5,125.5
87,4e+10,25500563.0,0.1,0.6,125.6
88,4e+10,25694168.0,0.1,0.5,125.3
89,4e+10,25198026.0,0.1,0.6,125.3
90,4e+10,25298857.0,0.1,0.6,125.7
91,2e+10,24359658.0,3.8,0.0,130.3
92,2e+10,24405243.0,3.7,0.0,130.2
93,2e+10,24597907.0,3.7,0.0,130.3
94,2e+10,24564318.0,3.8,0.0,130.4
95,2e+10,24401455.0,3.8,0.0,128.6
96,2e+10,24547968.0,3.8,0.0,128.4
97,2e+10,24452343.0,3.8,0.0,130.3
98,2e+10,24488372.0,3.7,0.0,130.0
99,2e+10,24659961.0,3.8,0.0,129.9
100,2e+10,25210466.0,3.7,0.0,130.2
101,2e+10,24861547.0,3.8,0.0,128.7
102,2e+10,24742632.0,3.7,0.0,128.6
103,2e+10,24963044.0,3.8,0.0,128.6
104,2e+10,24560748.0,3.8,0.0,128.5
105,2e+10,24869392.0,3.7,0.0,128.5
106,2e+10,15636449.0,3.8,0.0,128.3
107,2e+10,24836660.0,3.8,0.0,128.2
108,2e+10,24503642.0,3.8,0.0,128.3
109,4e+10,39051636.0,0.4,0.0,126.9
110,4e+10,39327454.0,0.4,0.0,127.0
111,4e+10,39386122.0,0.3,0.0,126.9
112,4e+10,39221446.0,0.4,0.0,126.6
113,4e+10,38344942.0,0.1,0.7,125.4
114,4e+10,38250988.0,0.1,0.6,125.5
115,4e+10,39260918.0,0.3,0.0,127.0
116,4e+10,39468508.0,0.4,0.0,127.0
117,4e+10,39074756.0,0.4,0.0,126.8
118,4e+10,39745634.0,0.4,0.0,127.0
119,4e+10,38551996.0,0.1,0.5,125.5
120,4e+10,38473640.0,0.1,0.6,125.1
121,4e+10,39356755.0,0.1,0.5,125.4
122,4e+10,39149664.0,0.1,0.6,125.4
123,4e+10,39388754.0,0.1,0.6,125.3
124,4e+10,23101206.0,0.1,0.5,125.5
125,4e+10,38799578.0,0.1,0.6,125.1
126,4e+10,38476993.0,0.1,0.6,125.1
127,4e+10,23009265.0,0.4,0.0,127.0
128,4e+10,39240710.0,0.4,0.0,127.0
129,4e+10,39315713.0,0.3,0.0,127.0
130,4e+10,39245630.0,0.1,0.6,125.5
131,4e+10,39374534.0,0.1,0.5,125.4
132,4e+10,23010956.0,0.1,0.6,125.5
133,4e+10,39420517.0,0.4,0.0,127.1
134,4e+10,39347818.0,0.4,0.0,126.8
135,4e+10,39656729.0,0.4,0.0,126.9
136,4e+10,39421888.0,0.4,0.0,127.0
137,4e+10,39298545.0,0.1,0.6,125.3
138,4e+10,39368548.0,0.1,0.6,125.5
139,4e+10,39662117.0,0.1,0.5,125.4
140,4e+10,39497309.0,0.1,0.6,125.2
141,4e+10,39900635.0,0.1,0.6,125.3
142,4e+10,23117616.0,0.1,0.6,125.4
143,4e+10,39363595.0,0.1,0.6,125.4
144,4e+10,39451449.0,0.1,0.6,125.1
145,2e+10,38147783.0,3.7,0.0,130.1
146,3e+10,38523558.0,3.7,0.0,130.6
147,1e+10,37438758.0,3.7,0.0,130.4
148,1e+10,37672245.0,3.7,0.0,130.1
149,1e+10,37251045.0,3.8,0.0,128.6
150,3e+10,38273077.0,3.8,0.0,128.5
151,2e+10,35615718.0,3.8,0.0,130.3
152,2e+10,35158083.0,3.7,0.0,130.3
153,2e+10,34950960.0,3.7,0.0,130.6
154,2e+10,35678154.0,3.7,0.0,130.3
155,1e+10,35670188.0,3.7,0.0,128.7
156,1e+10,36124672.0,3.8,0.0,128.5
157,1e+10,33437843.0,3.8,0.0,128.7
158,1e+10,32920760.0,3.8,0.0,128.5
159,1e+10,34941860.0,3.8,0.0,128.3
160,1e+10,33584093.0,3.8,0.0,128.7
161,1e+10,32685682.0,3.8,0.0,128.6
162,2e+10,34654477.0,3.8,0.0,128.6
163,4e+10,32909775.0,0.1,0.5,125.1
164,4e+10,33199280.0,0.1,0.5,125.1
165,4e+10,32939712.0,0.1,0.5,125.3
166,4e+10,32992897.0,0.1,0.5,125.1
167,4e+10,32951288.0,0.1,0.5,125.4
168,4e+10,33097782.0,0.1,0.5,125.4
169,4e+10,33058831.0,0.1,0.5,125.5
170,4e+10,32980884.0,0.1,0.4,125.4
171,4e+10,32649063.0,0.1,0.5,125.4
172,4e+10,33253463.0,0.1,0.5,125.3
173,4e+10,33138028.0,0.1,0.6,125.0
174,4e+10,32812861.0,0.1,0.5,124.9
175,4e+10,32962544.0,0.1,0.5,124.8
176,4e+10,32939241.0,0.1,0.5,125.0
177,4e+10,33040117.0,0.1,0.5,124.9
178,4e+10,33230976.0,0.1,0.5,124.8
179,4e+10,32885467.0,0.1,0.5,125.0
180,4e+10,33105581.0,0.1,0.5,125.0
181,5e+10,33190221.0,0.1,0.4,124.7
182,5e+10,32924650.0,0.1,0.6,124.9
183,5e+10,33014232.0,0.1,0.5,124.6
184,5e+10,33027860.0,0.1,0.5,125.0
185,5e+10,32927902.0,0.1,0.4,124.8
186,5e+10,32928261.0,0.1,0.6,124.8
187,5e+10,33209613.0,0.1,0.5,124.6
188,5e+10,32762319.0,0.1,0.5,124.7
189,5e+10,33073221.0,0.1,0.5,124.8
190,5e+10,20805628.0,0.1,0.5,124.8
191,5e+10,32815291.0,0.1,0.6,124.8
192,5e+10,32944717.0,0.1,0.5,124.9
193,5e+10,32967060.0,0.1,0.6,124.8
194,5e+10,32987372.0,0.1,0.5,124.6
195,5e+10,33016271.0,0.1,0.4,124.8
196,5e+10,32871743.0,0.1,0.5,124.8
197,5e+10,32802316.0,0.1,0.5,125.1
198,5e+10,32957056.0,0.1,0.5,124.6
199,3e+10,32239764.0,10.2,0.0,134.7
200,3e+10,32316222.0,10.2,0.0,134.7
201,3e+10,32092211.0,10.0,0.0,136.1
202,3e+10,32194432.0,10.2,0.0,134.7
203,3e+10,32167980.0,10.2,0.0,134.6
204,3e+10,31954391.0,10.1,0.0,134.3
205,3e+10,32183925.0,10.1,0.0,134.4
206,3e+10,32211479.0,10.1,0.0,134.3
207,3e+10,32389604.0,10.1,0.0,134.4
208,3e+10,32294450.0,10.1,0.0,134.4
209,3e+10,32079324.0,10.0,0.0,134.2
210,3e+10,32189936.0,10.1,0.0,134.5
211,3e+10,31805503.0,10.1,0.0,134.4
212,3e+10,32153053.0,10.0,0.0,134.2
213,3e+10,32152478.0,10.0,0.0,134.3
214,3e+10,31830236.0,10.2,0.0,134.7
215,3e+10,32355301.0,10.1,0.0,134.4
216,3e+10,32142079.0,10.2,0.0,134.5
217,4e+10,35441436.0,0.4,0.0,126.4
218,4e+10,35082962.0,0.4,0.0,126.4
219,4e+10,34974012.0,0.4,0.0,126.3
220,4e+10,34999694.0,0.4,0.0,126.4
221,4e+10,35075650.0,0.1,0.4,124.8
222,4e+10,34930481.0,0.1,0.5,124.8
223,4e+10,35013416.0,0.4,0.0,126.4
224,4e+10,35203346.0,0.4,0.0,126.4
225,4e+10,35077398.0,0.3,0.0,126.6
226,4e+10,34927861.0,0.4,0.0,126.4
227,4e+10,35161868.0,0.1,0.5,124.7
228,4e+10,35037224.0,0.1,0.5,124.8
229,4e+10,21824171.0,0.1,0.5,124.8
230,4e+10,35199676.0,0.1,0.5,124.9
231,5e+10,35051186.0,0.1,0.5,124.8
232,5e+10,34984988.0,0.1,0.5,124.7
233,4e+10,35242251.0,0.1,0.4,124.7
234,4e+10,35047205.0,0.1,0.5,125.0
235,5e+10,34936454.0,0.4,0.0,126.4
236,5e+10,35044490.0,0.4,0.0,126.7
237,5e+10,35059081.0,0.4,0.0,126.4
238,5e+10,35118096.0,0.4,0.0,126.3
239,5e+10,35382440.0,0.1,0.5,124.8
240,5e+10,34969046.0,0.1,0.5,125.0
241,5e+10,34980241.0,0.4,0.0,126.7
242,5e+10,35054457.0,0.4,0.0,126.5
243,5e+10,22003801.0,0.4,0.0,126.5
244,5e+10,35254560.0,0.4,0.0,126.4
245,5e+10,34964213.0,0.1,0.4,124.7
246,5e+10,35035019.0,0.1,0.5,125.0
247,5e+10,35210839.0,0.1,0.5,124.8
248,5e+10,34959997.0,0.1,0.5,124.8
249,5e+10,35234420.0,0.1,0.5,124.9
250,5e+10,41694748.0,0.1,0.5,124.7
251,5e+10,35080041.0,0.1,0.5,124.7
252,5e+10,34965405.0,0.1,0.6,124.8
253,3e+10,33839308.0,10.0,0.0,135.9
254,3e+10,34021860.0,10.1,0.0,136.2
255,3e+10,34285507.0,10.0,0.0,136.0
256,3e+10,33976652.0,9.9,0.0,136.0
257,3e+10,34022068.0,10.1,0.0,134.3
258,3e+10,34122746.0,10.1,0.0,134.4
259,3e+10,34378659.0,10.1,0.0,136.1
260,3e+10,34498302.0,10.1,0.0,136.1
261,3e+10,34155876.0,10.0,0.0,136.2
262,3e+10,33887006.0,10.1,0.0,136.1
263,3e+10,33782205.0,10.2,0.0,134.4
264,3e+10,34707514.0,10.1,0.0,134.4
265,3e+10,21581843.0,10.0,0.0,134.2
266,3e+10,34540529.0,10.2,0.0,134.4
267,3e+10,34347009.0,10.1,0.0,134.4
268,3e+10,34207556.0,10.1,0.0,134.3
269,3e+10,34312437.0,10.1,0.0,134.3
270,3e+10,34308364.0,10.2,0.0,134.5
271,5e+10,62318149.0,0.4,0.0,126.4
272,5e+10,62142932.0,0.4,0.0,126.4
273,5e+10,62417616.0,0.4,0.0,126.4
274,5e+10,62368446.0,0.4,0.0,126.3
275,5e+10,61128600.0,0.1,0.5,124.6
276,5e+10,61837583.0,0.1,0.5,124.9
277,5e+10,62208798.0,0.4,0.0,126.5
278,5e+10,62516130.0,0.4,0.0,126.2
279,5e+10,62360788.0,0.4,0.0,126.3
280,5e+10,62495281.0,0.4,0.0,126.2
281,5e+10,61397733.0,0.1,0.6,124.8
282,5e+10,61393746.0,0.1,0.5,124.8
283,5e+10,62240908.0,0.1,0.5,124.6
284,5e+10,62709507.0,0.1,0.5,125.1
285,5e+10,62490156.0,0.1,0.5,125.0
286,5e+10,62292328.0,0.1,0.5,124.8
287,5e+10,61588672.0,0.1,0.5,124.7
288,5e+10,61275384.0,0.1,0.6,124.9
289,6e+10,63159041.0,0.4,0.0,126.4
290,6e+10,65084156.0,0.4,0.0,126.4
291,6e+10,63068135.0,0.4,0.0,126.3
292,6e+10,63044842.0,0.4,0.0,126.6
293,6e+10,63086606.0,0.1,0.5,124.8
294,6e+10,63780668.0,0.1,0.5,125.0
295,6e+10,62970666.0,0.4,0.0,126.2
296,6e+10,62801574.0,0.4,0.0,126.4
297,6e+10,63099763.0,0.3,0.0,126.4
298,6e+10,62958284.0,0.4,0.0,126.4
299,6e+10,63017155.0,0.1,0.5,124.8
300,9e+10,63169613.0,0.1,0.4,124.1
301,6e+10,62890528.0,0.1,0.4,124.6
302,6e+10,63547579.0,0.1,0.4,123.9
303,6e+10,64241572.0,0.1,0.5,124.3
304,6e+10,63213926.0,0.1,0.3,124.4
305,6e+10,62996717.0,0.1,0.4,124.6
306,6e+10,62949935.0,0.1,0.4,124.2
307,4e+10,62412949.0,12.3,0.0,137.7
308,3e+10,62047163.0,12.3,0.0,138.0
309,2e+10,61914036.0,12.4,0.0,137.6
310,3e+10,62384297.0,12.4,0.0,138.3
311,4e+10,62729662.0,12.3,0.0,136.3
312,4e+10,62374973.0,12.4,0.0,135.9
313,2e+10,60361267.0,12.4,0.0,137.6
314,2e+10,59751108.0,12.4,0.0,137.7
315,2e+10,59897567.0,12.4,0.0,137.7
316,2e+10,46968248.0,12.4,0.0,137.7
317,2e+10,59082720.0,12.4,0.0,136.0
318,2e+10,33877834.0,12.4,0.0,136.4
319,2e+10,57454016.0,12.5,0.0,136.5
320,2e+10,56380888.0,12.4,0.0,136.0
321,2e+10,57563444.0,12.6,0.0,136.7
322,2e+10,55767291.0,12.4,0.0,136.1
323,2e+10,58620166.0,12.5,0.0,135.9
324,3e+10,58877772.0,12.4,0.0,136.1
325,4e+10,27943088.0,0.1,0.4,124.4
326,4e+10,28111833.0,0.3,0.0,125.8
327,4e+10,28218456.0,0.1,0.5,124.5
328,4e+10,27944586.0,0.1,0.4,124.4
329,4e+10,27997159.0,0.1,0.6,124.2
330,4e+10,28150247.0,0.1,0.5,124.2
331,4e+10,27934316.0,0.1,0.4,124.3
332,4e+10,28018488.0,0.1,0.5,124.2
333,4e+10,28184939.0,0.1,0.5,124.5
334,4e+10,27960291.0,0.1,0.4,123.9
335,4e+10,27786639.0,0.1,0.5,124.6
336,4e+10,28223614.0,0.1,0.4,124.4
337,4e+10,27924131.0,0.1,0.5,124.1
338,4e+10,27723869.0,0.1,0.5,124.1
339,4e+10,27898868.0,0.1,0.5,124.6
340,4e+10,27811420.0,0.1,0.5,124.2
341,4e+10,27919578.0,0.1,0.5,123.9
342,4e+10,27902050.0,0.1,0.4,124.3
343,4e+10,28326657.0,0.1,0.5,124.5
344,4e+10,28322279.0,0.1,0.5,124.8
345,4e+10,27931111.0,0.1,0.5,124.2
346,4e+10,27820868.0,0.1,0.5,124.3
347,4e+10,28012493.0,0.1,0.5,124.2
348,4e+10,28236979.0,0.1,0.5,124.6
349,4e+10,28288548.0,0.1,0.5,124.2
350,4e+10,27946756.0,0.1,0.5,124.2
351,4e+10,28128809.0,0.1,0.6,124.2
352,4e+10,28230082.0,0.1,0.5,124.6
353,4e+10,18342885.0,0.1,0.5,124.6
354,4e+10,28251934.0,0.1,0.4,124.4
355,4e+10,27842280.0,0.1,0.6,124.2
356,4e+10,27855683.0,0.1,0.4,124.4
357,4e+10,17981154.0,0.1,0.5,124.6
358,4e+10,27713798.0,0.1,0.4,124.3
359,4e+10,17982025.0,0.1,0.5,124.5
360,4e+10,27970604.0,0.1,0.6,124.2
361,2e+10,27561391.0,4.0,0.0,128.0
362,2e+10,27290196.0,4.0,0.0,128.1
363,2e+10,27240198.0,3.9,0.0,127.9
364,2e+10,27508220.0,4.0,0.0,128.1
365,2e+10,27408510.0,4.0,0.0,127.8
366,2e+10,22360866.0,4.0,0.0,127.4
367,2e+10,27451772.0,4.0,0.0,128.1
368,2e+10,27576521.0,4.1,0.0,127.5
369,2e+10,27449860.0,4.0,0.0,127.6
370,2e+10,27221478.0,4.1,0.0,127.5
371,2e+10,27097106.0,4.0,0.0,128.0
372,2e+10,27527890.0,4.0,0.0,128.1
373,2e+10,27446797.0,3.9,0.0,127.9
374,2e+10,27086320.0,3.9,0.0,127.4
375,2e+10,26994172.0,4.0,0.0,128.0
376,2e+10,26941091.0,4.0,0.0,127.6
377,2e+10,26948220.0,4.0,0.0,128.2
378,2e+10,27130405.0,4.1,0.0,127.5
379,4e+10,30493278.0,0.4,0.0,125.6
380,4e+10,29977284.0,0.3,0.0,125.4
381,4e+10,30572858.0,0.3,0.0,125.5
382,4e+10,30727701.0,0.2,0.0,126.0
383,4e+10,29785221.0,0.1,0.5,124.2
384,4e+10,30184902.0,0.1,0.4,124.3
385,4e+10,30449429.0,0.3,0.0,125.8
386,4e+10,30252186.0,0.3,0.0,125.6
387,4e+10,30275205.0,0.1,0.6,124.8
388,4e+10,30197287.0,0.2,0.0,125.7
389,4e+10,30372963.0,0.1,0.5,124.0
390,4e+10,30478849.0,0.1,0.5,124.4
391,4e+10,30412006.0,0.1,0.6,124.8
392,4e+10,30009303.0,0.1,0.6,124.2
393,4e+10,18665524.0,0.1,0.5,124.8
394,4e+10,30231185.0,0.1,0.4,124.3
395,4e+10,30344989.0,0.1,0.5,124.1
396,4e+10,30125823.0,0.1,0.5,124.5
397,4e+10,30084104.0,0.3,0.0,125.6
398,4e+10,19178498.0,0.4,0.0,126.1
399,4e+10,30073122.0,0.3,0.0,125.7
400,4e+10,30125394.0,0.3,0.0,126.3
401,4e+10,19086125.0,0.1,0.5,124.4
402,4e+10,30431622.0,0.1,0.5,124.0
403,4e+10,30117566.0,0.3,0.0,125.8
404,4e+10,30232935.0,0.3,0.0,125.8
405,4e+10,30100489.0,0.3,0.0,126.2
406,4e+10,30106793.0,0.3,0.0,125.8
407,4e+10,29975642.0,0.1,0.5,124.8
408,4e+10,30304621.0,0.1,0.5,124.5
409,4e+10,30246268.0,0.1,0.5,124.4
410,4e+10,19094757.0,0.1,0.5,123.9
411,4e+10,30014373.0,0.1,0.5,124.3
412,4e+10,19033030.0,0.1,0.6,124.8
413,4e+10,29983324.0,0.1,0.5,124.8
414,4e+10,30193757.0,0.1,0.5,124.6
415,3e+10,29120491.0,4.0,0.0,129.2
416,3e+10,29069536.0,3.9,0.0,129.1
417,3e+10,29455600.0,3.9,0.0,129.1
418,3e+10,29320666.0,3.9,0.0,129.1
419,3e+10,29208176.0,3.9,0.0,127.6
420,3e+10,29004639.0,4.0,0.0,128.1
421,3e+10,29338602.0,3.9,0.0,129.7
422,3e+10,29458918.0,3.9,0.0,129.1
423,3e+10,29989714.0,3.9,0.0,129.6
424,3e+10,18557770.0,3.9,0.0,129.4
425,3e+10,29424991.0,3.9,0.0,127.5
426,3e+10,29208459.0,4.0,0.0,127.9
427,3e+10,29486154.0,4.0,0.0,127.8
428,3e+10,29095103.0,3.9,0.0,127.7
429,3e+10,29384681.0,3.9,0.0,127.4
430,3e+10,29478063.0,3.9,0.0,127.9
431,3e+10,29185716.0,3.9,0.0,127.6
432,3e+10,29455194.0,4.0,0.0,128.0
433,5e+10,57751263.0,0.3,0.0,125.7
434,5e+10,57429231.0,0.4,0.0,125.9
435,5e+10,57847306.0,0.3,0.0,125.7
436,5e+10,57613347.0,0.2,0.0,126.0
437,5e+10,56497770.0,0.1,0.5,124.4
438,5e+10,56255061.0,0.1,0.5,124.2
439,5e+10,57340585.0,0.3,0.0,125.7
440,5e+10,57568503.0,0.3,0.0,125.7
441,5e+10,57573815.0,0.3,0.0,125.8
442,5e+10,57552930.0,0.3,0.0,126.3
443,5e+10,56033863.0,0.1,0.4,124.4
444,5e+10,55862717.0,0.1,0.4,124.4
445,5e+10,57481003.0,0.1,0.5,124.5
446,5e+10,57395742.0,0.1,0.5,124.2
447,5e+10,57280846.0,0.1,0.5,124.6
448,5e+10,57656004.0,0.1,0.5,124.2
449,5e+10,55910894.0,0.1,0.5,124.5
450,5e+10,55813238.0,0.1,0.4,124.3
451,5e+10,32876868.0,0.4,0.0,125.9
452,5e+10,57904806.0,0.2,0.0,125.7
453,5e+10,58059234.0,0.3,0.0,126.1
454,5e+10,59590384.0,0.2,0.0,126.0
455,5e+10,57843163.0,0.1,0.5,124.1
456,5e+10,58033366.0,0.1,0.5,124.0
457,5e+10,58040215.0,0.1,0.5,124.5
458,5e+10,58121740.0,0.4,0.0,125.9
459,5e+10,58173833.0,0.3,0.0,125.7
460,5e+10,58113161.0,0.3,0.0,126.1
461,5e+10,58251796.0,0.1,0.6,124.8
462,5e+10,57875949.0,0.1,0.5,124.5
463,5e+10,57896045.0,0.1,0.5,124.2
464,5e+10,57957656.0,0.1,0.5,124.0
465,5e+10,57995883.0,0.1,0.5,124.1
466,5e+10,58360258.0,0.1,0.5,124.6
467,5e+10,71449146.0,0.1,0.6,124.1
468,5e+10,32958824.0,0.1,0.5,124.2
469,4e+10,57358947.0,3.9,0.0,129.1
470,3e+10,57266521.0,3.9,0.0,129.1
471,3e+10,57306293.0,4.0,0.0,129.2
472,4e+10,57329771.0,3.9,0.0,129.7
473,4e+10,57341900.0,5.5,0.0,129.4
474,3e+10,57570595.0,5.5,0.0,129.6
475,2e+10,56255484.0,4.0,0.0,129.5
476,3e+10,56684570.0,4.0,0.0,129.2
477,2e+10,56488620.0,3.9,0.0,129.1
478,3e+10,56796668.0,3.9,0.0,129.2
479,3e+10,76844902.0,5.4,0.0,128.8
480,2e+10,32230907.0,5.5,0.0,129.4
481,3e+10,55550812.0,5.5,0.0,129.3
482,2e+10,55018314.0,5.4,0.0,129.1
483,3e+10,55943215.0,5.3,0.0,129.3
484,3e+10,56281916.0,5.5,0.0,129.6
485,2e+10,56040090.0,5.5,0.0,129.0
486,2e+10,56795548.0,5.5,0.0,129.5
487,4e+10,31595096.0,0.1,0.4,124.5
488,4e+10,31487018.0,0.1,0.4,124.6
489,4e+10,31721965.0,0.1,0.4,124.5
490,4e+10,31517015.0,0.1,0.5,124.1
491,4e+10,31886443.0,0.1,0.4,124.6
492,4e+10,31522164.0,0.1,0.4,124.2
493,4e+10,31790883.0,0.1,0.5,124.5
494,4e+10,32097771.0,0.1,0.4,124.6
495,4e+10,31577619.0,0.1,0.4,124.1
496,4e+10,31579967.0,0.1,0.4,124.1
497,4e+10,31490593.0,0.1,0.4,124.2
498,4e+10,31716637.0,0.1,0.4,124.2
499,4e+10,31501819.0,0.1,0.4,124.2
500,4e+10,31585631.0,0.1,0.4,124.2
501,4e+10,31381886.0,0.1,0.4,124.5
502,4e+10,31896161.0,0.1,0.4,124.2
503,4e+10,20698014.0,0.1,0.5,123.9
504,4e+10,31584236.0,0.1,0.4,124.2
505,4e+10,31401736.0,0.1,0.4,123.9
506,4e+10,31566625.0,0.1,0.4,124.1
507,5e+10,66886786.0,0.1,0.4,123.9
508,5e+10,31640058.0,0.1,0.4,124.2
509,5e+10,31672808.0,0.1,0.3,124.3
510,4e+10,31803531.0,0.1,0.4,123.9
511,4e+10,31487798.0,0.1,0.4,124.2
512,4e+10,32015696.0,0.1,0.4,124.5
513,5e+10,31443970.0,0.1,0.4,124.0
514,5e+10,31885973.0,0.1,0.5,124.1
515,4e+10,31653925.0,0.1,0.4,124.1
516,5e+10,31686468.0,0.1,0.5,124.3
517,4e+10,31615942.0,0.1,0.4,124.1
518,5e+10,31559585.0,0.1,0.4,124.1
519,5e+10,31624792.0,0.1,0.5,124.5
520,5e+10,31642395.0,0.1,0.4,124.6
521,4e+10,32104063.0,0.1,0.5,124.0
522,4e+10,31548123.0,0.1,0.3,124.3
523,3e+10,30838590.0,11.0,0.0,134.4
524,3e+10,30803902.0,11.0,0.0,134.4
525,3e+10,26774410.0,10.9,0.0,134.6
526,3e+10,30918614.0,10.8,0.0,134.4
527,3e+10,31149126.0,10.9,0.0,134.4
528,3e+10,31382935.0,11.0,0.0,135.1
529,3e+10,31116564.0,11.1,0.0,135.0
530,3e+10,30778253.0,10.8,0.0,134.4
531,3e+10,30937537.0,10.9,0.0,134.4
532,3e+10,30932025.0,10.7,0.0,134.6
533,3e+10,30907916.0,10.8,0.0,134.4
534,3e+10,30927971.0,11.0,0.0,134.9
535,3e+10,31311206.0,10.9,0.0,134.4
536,3e+10,31198011.0,10.6,0.0,134.3
537,3e+10,31045500.0,11.0,0.0,134.9
538,3e+10,31135389.0,10.9,0.0,134.5
539,3e+10,31113095.0,10.9,0.0,134.5
540,3e+10,31019342.0,10.9,0.0,134.4
541,5e+10,34907162.0,0.1,0.4,124.5
542,4e+10,35153743.0,0.1,0.4,124.5
543,5e+10,53529108.0,0.1,0.5,124.1
544,5e+10,34907421.0,0.1,0.4,123.9
545,5e+10,34706342.0,0.1,0.5,124.0
546,5e+10,34792029.0,0.1,0.4,123.9
547,5e+10,34934585.0,0.1,0.4,124.5
548,5e+10,34642972.0,0.1,0.4,123.8
549,5e+10,34703652.0,0.1,0.4,124.1
550,4e+10,35096949.0,0.1,0.3,124.3
551,5e+10,34813149.0,0.1,0.4,124.6
552,5e+10,34705727.0,0.1,0.5,124.5
553,4e+10,34945819.0,0.1,0.5,124.1
554,5e+10,34765238.0,0.1,0.4,123.9
555,5e+10,34966294.0,0.1,0.3,124.3
556,5e+10,34926254.0,0.1,0.5,124.3
557,5e+10,34885895.0,0.1,0.4,124.6
558,5e+10,34732669.0,0.1,0.4,124.6
559,5e+10,35113193.0,0.1,0.4,124.1
560,5e+10,34636318.0,0.1,0.4,123.9
561,5e+10,34751422.0,0.1,0.4,123.9
562,5e+10,34789328.0,0.1,0.3,124.4
563,4e+10,34495152.0,0.1,0.4,123.9
564,5e+10,34621583.0,0.1,0.4,124.2
565,5e+10,34790033.0,0.1,0.4,124.3
566,5e+10,34832019.0,0.1,0.4,124.3
567,5e+10,34755460.0,0.1,0.3,124.3
568,5e+10,34968546.0,0.1,0.5,124.0
569,5e+10,35193460.0,0.1,0.5,124.1
570,5e+10,34900969.0,0.1,0.4,124.2
571,5e+10,34726650.0,0.1,0.5,124.0
572,5e+10,34786549.0,0.1,0.4,124.5
573,5e+10,34691081.0,0.1,0.4,124.5
574,5e+10,34988791.0,0.1,0.5,124.1
575,5e+10,34831242.0,0.1,0.5,124.3
576,5e+10,34356784.0,0.1,0.4,124.6
577,3e+10,34075469.0,10.8,0.0,134.2
578,3e+10,34109967.0,10.9,0.0,134.4
579,3e+10,34075239.0,10.9,0.0,134.4
580,3e+10,34197744.0,10.9,0.0,134.5
581,3e+10,33959571.0,11.0,0.0,135.0
582,3e+10,34123271.0,10.9,0.0,134.5
583,3e+10,34104730.0,10.9,0.0,134.6
584,3e+10,34099836.0,10.9,0.0,135.0
585,3e+10,33936920.0,10.8,0.0,134.8
586,3e+10,34175514.0,10.8,0.0,134.5
587,3e+10,34261868.0,10.8,0.0,134.2
588,3e+10,34036400.0,10.8,0.0,134.8
589,3e+10,34143014.0,12.0,0.0,135.8
590,3e+10,34257965.0,12.1,0.0,135.6
591,3e+10,33843205.0,12.2,0.0,136.1
592,3e+10,34201002.0,12.1,0.0,136.2
593,3e+10,33889235.0,10.8,0.0,134.7
594,3e+10,31185446.0,10.8,0.0,134.3
595,6e+10,75567882.0,0.1,0.4,123.9
596,6e+10,74947747.0,0.1,0.4,124.0
597,6e+10,75326223.0,0.1,0.4,124.2
598,6e+10,75619045.0,0.1,0.5,124.3
599,6e+10,72521781.0,0.1,0.5,124.4
600,6e+10,72185445.0,0.1,0.5,124.1
601,6e+10,75299320.0,0.1,0.4,124.2
602,6e+10,74969987.0,0.1,0.4,124.5
603,6e+10,75032559.0,0.1,0.5,124.1
604,6e+10,75247281.0,0.1,0.4,123.9
605,6e+10,72867028.0,0.1,0.3,124.4
606,6e+10,72556250.0,0.1,0.4,124.1
607,6e+10,75070400.0,0.1,0.4,124.6
608,6e+10,42222344.0,0.1,0.5,124.1
609,6e+10,75045888.0,0.1,0.4,124.3
610,6e+10,58782936.0,0.1,0.5,127.7
611,6e+10,73289570.0,0.1,0.5,124.3
612,6e+10,72210446.0,0.1,0.4,123.9
613,6e+10,76440300.0,0.1,0.5,124.4
614,7e+10,76363110.0,0.1,0.4,124.1
615,7e+10,76278317.0,0.1,0.4,124.2
616,7e+10,76897068.0,0.1,0.3,124.3
617,7e+10,80418112.0,0.1,0.4,124.7
618,7e+10,76597445.0,0.1,0.5,123.4
619,7e+10,76667677.0,0.1,0.5,124.6
620,7e+10,42931601.0,0.1,0.6,124.6
621,7e+10,76393462.0,0.1,0.5,123.6
622,7e+10,76539827.0,0.1,0.6,123.8
623,7e+10,76679701.0,0.1,0.6,124.0
624,7e+10,76663883.0,0.1,0.6,123.8
625,7e+10,76673839.0,0.1,0.6,124.0
626,7e+10,76192313.0,0.1,0.5,123.6
627,7e+10,76294804.0,0.1,0.6,124.0
628,7e+10,76163943.0,0.1,0.5,123.7
629,7e+10,76733592.0,0.1,0.6,124.7
630,5e+10,39738485.0,0.1,0.5,124.2
631,3e+10,75957015.0,13.4,0.0,136.6
632,5e+10,67645177.0,13.6,0.0,137.1
633,5e+10,76198061.0,13.4,0.0,136.5
634,5e+10,76058895.0,13.4,0.0,136.5
635,5e+10,76109595.0,13.6,0.0,137.6
636,4e+10,76099945.0,13.5,0.0,137.0
637,3e+10,42700707.0,13.3,0.0,136.3
638,2e+10,42741065.0,13.4,0.0,136.9
639,3e+10,75689541.0,13.4,0.0,136.4
640,2e+10,75595905.0,13.4,0.0,137.3
641,3e+10,75765793.0,13.5,0.0,137.1
642,2e+10,75660404.0,13.3,0.0,137.2
643,3e+10,76272820.0,13.5,0.0,136.9
644,3e+10,74658713.0,13.6,0.0,137.2
645,4e+10,74956523.0,13.4,0.0,137.3
646,3e+10,75094292.0,13.4,0.0,136.4
647,3e+10,75070535.0,13.5,0.0,136.5
648,3e+10,75468051.0,13.4,0.0,137.4
649,5e+10,37175053.0,0.1,0.6,123.7
650,5e+10,39094584.0,0.1,0.6,123.9
651,5e+10,36721914.0,0.1,0.5,123.5
652,5e+10,36972276.0,0.1,0.6,123.8
653,5e+10,37243821.0,0.1,0.7,124.7
654,5e+10,37184032.0,0.1,0.5,123.5
655,5e+10,37100895.0,0.1,0.6,123.7
656,5e+10,36968448.0,0.1,0.6,124.0
657,5e+10,36934364.0,0.1,0.6,124.0
658,5e+10,37200526.0,0.1,0.6,124.1
659,5e+10,37294964.0,0.1,0.6,123.6
660,5e+10,37241673.0,0.1,0.5,124.4
661,5e+10,37153770.0,0.1,0.5,123.7
662,5e+10,37105514.0,0.1,0.6,124.7
663,5e+10,37284376.0,0.1,0.6,124.2
664,5e+10,37065913.0,0.1,0.5,124.5
665,5e+10,37019752.0,0.1,0.5,123.8
666,5e+10,36952243.0,0.1,0.6,124.3
667,6e+10,37039120.0,0.1,0.6,124.1
668,6e+10,36688447.0,0.1,0.6,124.1
669,6e+10,36920977.0,0.1,0.6,124.3
670,6e+10,36863149.0,0.1,0.6,123.7
671,6e+10,37118143.0,0.1,0.6,124.4
672,6e+10,36994284.0,0.1,0.6,123.7
673,6e+10,37049646.0,0.1,0.6,123.9
674,6e+10,36737390.0,0.1,0.6,123.6
675,6e+10,36920752.0,0.1,0.6,124.1
676,6e+10,37032729.0,0.1,0.6,124.3
677,6e+10,37109089.0,0.1,0.6,124.1
678,6e+10,37510372.0,0.1,0.5,123.5
679,5e+10,36731170.0,0.1,0.6,124.3
680,6e+10,37232068.0,0.1,0.5,123.7
681,5e+10,36792892.0,0.1,0.6,124.3
682,6e+10,37154495.0,0.1,0.6,124.1
683,5e+10,36813341.0,0.1,0.6,123.9
684,6e+10,37090058.0,0.1,0.6,124.7
685,4e+10,36133959.0,15.8,0.0,139.1
686,3e+10,36104895.0,15.6,0.0,138.8
687,4e+10,36489531.0,15.8,0.0,139.8
688,4e+10,29955008.0,15.7,0.0,139.7
689,4e+10,36384803.0,16.9,0.0,140.8
690,4e+10,36275460.0,17.0,0.0,140.7
691,4e+10,36250657.0,15.6,0.0,138.8
692,4e+10,36188098.0,15.7,0.0,138.7
693,4e+10,35950541.0,15.6,0.0,138.6
694,3e+10,36172205.0,15.7,0.0,138.7
695,3e+10,36423975.0,16.9,0.0,140.8
696,4e+10,36352047.0,16.9,0.0,140.4
697,4e+10,39945912.0,17.0,0.0,144.5
698,4e+10,40084696.0,16.9,0.0,143.5
699,4e+10,40009137.0,17.0,0.0,144.6
700,4e+10,36334318.0,16.8,0.0,143.4
701,3e+10,36151703.0,17.0,0.0,143.7
702,3e+10,36587751.0,17.0,0.0,143.9
703,5e+10,40212442.0,0.1,0.6,128.1
704,5e+10,40042811.0,0.1,0.6,127.5
705,5e+10,40209062.0,0.1,0.6,127.4
706,5e+10,25187135.0,0.1,0.6,128.2
707,5e+10,40131667.0,0.1,0.6,128.2
708,5e+10,40190158.0,0.1,0.6,127.9
709,5e+10,40424168.0,0.1,0.6,127.7
710,5e+10,40065783.0,0.1,0.6,127.8
711,5e+10,40355314.0,0.1,0.6,127.6
712,5e+10,40735574.0,0.1,0.6,128.2
713,5e+10,40042137.0,0.1,0.6,127.8
714,6e+10,40451721.0,0.1,0.7,128.2
715,5e+10,39924324.0,0.1,0.6,127.6
716,5e+10,40044985.0,0.1,0.6,128.2
717,5e+10,40094774.0,0.1,0.6,127.8
718,5e+10,40042109.0,0.1,0.6,127.6
719,5e+10,40300577.0,0.1,0.6,127.9
720,5e+10,40246909.0,0.1,0.6,127.6
721,4e+10,29065078.0,0.1,0.5,128.2
722,5e+10,33858009.0,0.1,0.5,128.2
723,5e+10,33788453.0,0.1,0.5,127.8
724,6e+10,38163367.0,0.1,0.5,127.2
725,6e+10,36424442.0,0.1,0.6,127.4
726,6e+10,38254963.0,0.1,0.6,127.4
727,6e+10,38298885.0,0.1,0.6,127.6
728,6e+10,38677979.0,0.1,0.6,127.8
729,6e+10,38566873.0,0.1,0.5,127.8
730,6e+10,38219469.0,0.1,0.6,127.8
731,6e+10,38155583.0,0.1,0.6,127.8
732,6e+10,35852899.0,0.1,0.5,128.2
733,6e+10,38354273.0,0.1,0.6,127.4
734,6e+10,38383686.0,0.1,0.6,127.5
735,6e+10,43046961.0,0.1,0.6,127.7
736,6e+10,43063970.0,0.1,0.6,127.4
737,6e+10,42793695.0,0.1,0.5,128.2
738,6e+10,38200283.0,0.1,0.6,127.6
739,4e+10,39367192.0,14.4,0.0,166.2
740,4e+10,39496715.0,14.4,0.0,165.4
741,4e+10,39106466.0,15.6,0.0,168.8
742,4e+10,39277075.0,15.5,0.0,166.8
743,4e+10,39126787.0,16.8,0.0,167.8
744,4e+10,39224823.0,16.8,0.0,168.6
745,4e+10,39333113.0,16.9,0.0,168.6
746,4e+10,39229421.0,15.5,0.0,168.7
747,4e+10,39336195.0,15.6,0.0,166.7
748,4e+10,39861075.0,14.4,0.0,165.8
749,4e+10,39529578.0,15.7,0.0,167.5
750,4e+10,39239927.0,17.0,0.0,168.5
751,4e+10,39361104.0,16.1,0.0,168.0
752,4e+10,39053038.0,15.7,0.0,167.2
753,4e+10,39214311.0,16.6,0.0,167.8
754,4e+10,39354396.0,17.0,0.0,168.5
755,4e+10,38992407.0,15.7,0.0,167.1
756,4e+10,43267533.0,15.6,0.0,166.6
757,6e+10,81251611.0,0.5,0.0,127.0
758,5e+10,64329952.0,0.1,0.5,125.8
759,5e+10,66038705.0,0.1,0.6,126.1
760,6e+10,68603401.0,0.1,0.5,126.0
761,6e+10,79078188.0,0.1,0.5,126.0
762,6e+10,71158982.0,0.1,0.6,126.8
763,6e+10,79101363.0,0.1,0.6,125.7
764,7e+10,60876954.0,0.1,0.5,127.2
765,6e+10,72770863.0,0.1,0.6,126.9
766,6e+10,68174982.0,0.1,0.6,125.6
767,6e+10,71526429.0,0.1,0.6,126.1
768,7e+10,79391376.0,0.5,0.0,124.6
769,6e+10,76381529.0,0.4,0.0,124.8
770,6e+10,77565550.0,0.1,0.6,125.0
771,6e+10,79065248.0,0.2,0.5,124.8
772,8e+10,81070258.0,0.5,0.0,124.5
773,6e+10,78842163.0,0.4,0.2,124.6
774,6e+10,75252952.0,0.3,0.3,123.9
775,7e+10,74419205.0,0.1,0.5,124.1
776,8e+10,80222163.0,0.5,0.2,124.2
777,7e+10,77571769.0,0.1,0.5,123.2
778,7e+10,79948993.0,0.4,0.3,123.3
779,7e+10,79753748.0,0.4,0.0,123.8
780,7e+10,79745173.0,0.2,0.5,124.1
781,7e+10,72869789.0,0.5,0.0,123.3
782,7e+10,80193562.0,0.4,0.0,122.8
783,7e+10,70336286.0,0.5,0.0,123.8
784,7e+10,79901351.0,0.7,0.0,123.7
785,7e+10,79674741.0,0.4,0.3,123.8
786,7e+10,80030996.0,0.7,0.0,123.6
787,7e+10,79736120.0,0.1,0.6,123.6
788,8e+10,80478704.0,0.5,0.0,123.3
789,7e+10,79803313.0,0.3,0.2,123.1
790,7e+10,74891775.0,0.4,0.0,122.6
791,8e+10,81247172.0,0.6,0.0,123.2
792,7e+10,79844530.0,0.4,0.2,122.9
793,4e+10,79700360.0,18.1,0.0,140.5
794,5e+10,79612686.0,18.2,0.0,140.7
795,3e+10,79570372.0,18.2,0.0,140.5
796,6e+10,73260137.0,18.3,0.0,140.7
797,5e+10,79244738.0,18.1,0.0,140.4
798,2e+10,73779360.0,18.2,0.0,140.5
799,2e+10,79773734.0,18.1,0.0,140.6
800,3e+10,79329782.0,18.2,0.0,140.6
801,2e+10,71594499.0,18.2,0.0,140.7
802,3e+10,78136675.0,18.2,0.0,140.5
803,4e+10,73663139.0,18.2,0.0,140.5
804,3e+10,68104221.0,18.2,0.0,140.6
805,3e+10,72044949.0,18.5,0.0,140.7
806,4e+10,75336509.0,18.4,0.0,140.9
807,4e+10,72853241.0,18.5,0.0,141.1
808,3e+10,76879773.0,18.5,0.0,140.8
809,3e+10,67678026.0,18.2,0.0,140.6
810,4e+10,77450529.0,18.3,0.0,140.8
811,5e+10,35611806.0,0.1,0.4,123.0
812,5e+10,40091821.0,0.1,0.5,123.1
813,5e+10,39670650.0,0.1,0.5,123.0
814,6e+10,38188313.0,0.1,0.5,123.1
815,5e+10,39859220.0,0.1,0.5,123.2
816,5e+10,39840006.0,0.1,0.6,122.9
817,5e+10,40447410.0,0.1,0.4,122.9
818,5e+10,37407572.0,0.1,0.5,123.1
819,5e+10,39693220.0,0.1,0.6,123.0
820,5e+10,39898176.0,0.1,0.5,123.0
821,5e+10,44552793.0,0.1,0.4,123.0
822,5e+10,39696097.0,0.1,0.6,123.0
823,5e+10,37379416.0,0.1,0.6,123.0
824,5e+10,39583807.0,0.1,0.5,123.1
825,5e+10,39852923.0,0.1,0.5,123.2
826,5e+10,39824746.0,0.1,0.6,123.0
827,5e+10,43342947.0,0.1,0.5,123.2
828,5e+10,40059279.0,0.1,0.5,123.1
829,6e+10,44744311.0,0.1,0.4,122.9
830,6e+10,40005894.0,0.1,0.5,123.1
831,6e+10,41190797.0,0.1,0.6,123.0
832,6e+10,43159769.0,0.1,0.5,123.1
833,5e+10,39735705.0,0.1,0.6,122.9
834,6e+10,44307631.0,0.1,0.6,122.9
835,6e+10,37251191.0,0.1,0.5,123.1
836,6e+10,39863803.0,0.1,0.5,122.9
837,4e+10,39682960.0,0.1,0.6,122.9
838,6e+10,39430662.0,0.1,0.6,122.9
839,6e+10,44327675.0,0.1,0.6,123.0
840,6e+10,43548412.0,0.1,0.5,123.0
841,6e+10,41993590.0,0.1,0.4,123.0
842,6e+10,44747323.0,0.1,0.6,123.0
843,6e+10,39774904.0,0.1,0.5,123.1
844,6e+10,41115543.0,0.1,0.6,123.0
845,6e+10,39961840.0,0.1,0.6,123.0
846,5e+10,44321092.0,0.1,0.6,123.0
847,5e+10,39217244.0,19.8,0.0,142.5
848,4e+10,38822275.0,19.6,0.0,142.0
849,4e+10,36765026.0,19.5,0.0,141.5
850,4e+10,41020229.0,19.7,0.0,141.4
851,4e+10,39029824.0,19.6,0.0,141.4
852,4e+10,39360097.0,19.7,0.0,141.4
853,4e+10,34859456.0,19.8,0.0,141.4
854,4e+10,38969899.0,19.6,0.0,141.5
855,4e+10,38597619.0,19.6,0.0,141.4
856,4e+10,38973458.0,19.7,0.0,141.4
857,4e+10,40899581.0,19.8,0.0,141.6
858,4e+10,43726783.0,19.8,0.0,141.5
859,4e+10,38780758.0,19.7,0.0,141.7
860,4e+10,39164695.0,19.6,0.0,141.5
861,4e+10,38710302.0,19.7,0.0,141.6
862,4e+10,39301860.0,19.6,0.0,141.6
863,4e+10,43560122.0,20.6,0.0,142.5
864,4e+10,43033268.0,20.5,0.0,142.2
865,6e+10,39022193.0,0.1,0.4,122.0
866,6e+10,43635850.0,0.1,0.5,122.1
867,6e+10,43587603.0,0.1,0.4,122.2
868,6e+10,43622385.0,0.1,0.4,122.0
869,6e+10,45716563.0,0.1,0.4,122.2
870,6e+10,43794200.0,0.1,0.5,122.1
871,6e+10,48644074.0,0.1,0.4,122.2
872,6e+10,43736621.0,0.1,0.4,122.3
873,6e+10,44013607.0,0.1,0.4,122.1
874,6e+10,48855491.0,0.1,0.5,122.1
875,6e+10,43934856.0,0.1,0.4,122.2
876,6e+10,44171275.0,0.1,0.4,122.2
877,6e+10,43938570.0,0.1,0.5,122.3
878,6e+10,43826060.0,0.1,0.5,122.3
879,6e+10,48974707.0,0.1,0.5,122.3
880,6e+10,46549810.0,0.1,0.5,122.4
881,6e+10,53818769.0,0.1,0.4,122.4
882,6e+10,43565898.0,0.1,0.5,122.2
883,6e+10,40923071.0,0.1,0.4,122.4
884,6e+10,43421266.0,0.1,0.5,122.5
885,6e+10,49142253.0,0.1,0.4,122.2
886,7e+10,43714237.0,0.1,0.5,122.5
887,6e+10,41745077.0,0.1,0.5,122.3
888,6e+10,43418845.0,0.1,0.5,122.5
889,6e+10,43901249.0,0.1,0.5,122.5
890,6e+10,43708594.0,0.1,0.5,122.3
891,6e+10,43967053.0,0.1,0.5,122.4
892,6e+10,43752743.0,0.1,0.6,122.5
893,6e+10,43609778.0,0.1,0.4,122.4
894,6e+10,46320136.0,0.1,0.5,122.5
895,6e+10,38652045.0,0.1,0.5,122.5
896,6e+10,43812855.0,0.1,0.5,122.5
897,6e+10,43717330.0,0.1,0.6,122.3
898,6e+10,43570210.0,0.5,0.1,122.4
899,7e+10,45016514.0,0.1,0.5,122.4
900,6e+10,43531602.0,0.1,0.5,122.0
901,5e+10,42984981.0,19.6,0.0,141.3
902,4e+10,43873007.0,19.4,0.0,141.0
903,5e+10,42881645.0,19.5,0.0,141.1
904,4e+10,42915134.0,19.5,0.0,141.2
905,4e+10,42960135.0,19.6,0.0,141.0
906,4e+10,45389767.0,19.6,0.0,141.5
907,4e+10,48274284.0,19.5,0.0,141.1
908,5e+10,42805723.0,19.4,0.0,141.2
909,5e+10,43663549.0,19.4,0.0,141.0
910,4e+10,43160529.0,19.5,0.0,141.3
911,5e+10,43177563.0,19.5,0.0,141.3
912,5e+10,42683500.0,19.3,0.0,141.1
913,5e+10,42815168.0,19.9,0.0,141.8
914,5e+10,42879850.0,19.9,0.0,141.7
915,5e+10,138743622.0,20.0,0.0,141.4
916,5e+10,43017582.0,20.0,0.0,141.5
917,4e+10,42969166.0,20.2,0.0,142.2
918,4e+10,42763990.0,20.1,0.0,141.9
919,7e+10,93783906.0,0.1,0.5,122.1
920,8e+10,84314182.0,0.1,0.5,122.5
921,8e+10,88713276.0,0.1,0.5,122.1
922,8e+10,97688509.0,0.1,0.5,122.0
923,8e+10,95569095.0,0.1,0.5,122.4
924,7e+10,94400740.0,0.1,0.5,122.2
925,7e+10,94975163.0,0.1,0.5,122.3
926,8e+10,97647601.0,0.1,0.4,122.2
927,8e+10,98049050.0,0.1,0.5,122.5
928,8e+10,97865040.0,0.1,0.5,122.0
929,8e+10,92728890.0,0.1,0.5,122.3
930,8e+10,94671716.0,0.1,0.4,122.1
931,8e+10,97788612.0,0.1,0.5,122.3
932,8e+10,92297965.0,0.1,0.4,122.2
933,8e+10,97615324.0,0.1,0.5,122.3
934,8e+10,98053395.0,0.1,0.5,121.9
935,8e+10,103878479.0,0.1,0.5,122.1
936,8e+10,95006975.0,0.1,0.5,122.4
937,8e+10,99104165.0,0.1,0.5,122.0
938,8e+10,99027773.0,0.1,0.5,122.0
939,8e+10,94854134.0,0.1,0.5,122.0
940,8e+10,99023944.0,0.1,0.5,122.4
941,9e+10,98756273.0,0.1,0.5,122.1
942,8e+10,100020156.0,0.1,0.5,122.1
943,8e+10,98983361.0,0.1,0.5,122.3
944,8e+10,99061113.0,0.1,0.5,121.9
945,9e+10,98771311.0,0.1,0.4,122.2
946,8e+10,98830560.0,0.1,0.4,122.1
947,8e+10,99038470.0,0.1,0.4,122.1
948,8e+10,98815994.0,0.1,0.5,121.9
949,8e+10,99034575.0,0.1,0.5,122.4
950,8e+10,101297109.0,0.1,0.5,122.3
951,8e+10,98862578.0,0.1,0.5,121.9
952,8e+10,99464354.0,0.1,0.5,122.0
953,8e+10,85721831.0,0.1,0.5,122.0
954,9e+10,92788043.0,0.1,0.4,122.1
955,7e+10,99142964.0,21.9,0.0,143.4
956,5e+10,91984729.0,22.0,0.0,143.5
957,4e+10,99158471.0,21.8,0.0,143.5
958,3e+10,98389008.0,22.0,0.0,143.9
959,4e+10,88577187.0,21.9,0.0,143.8
960,3e+10,99304292.0,22.1,0.0,143.9
961,3e+10,92447343.0,22.0,0.0,143.8
962,4e+10,98433374.0,22.0,0.0,143.8
963,3e+10,99411001.0,21.8,0.0,143.6
964,3e+10,93964416.0,21.9,0.0,143.4
965,4e+10,98903082.0,21.9,0.0,143.4
966,3e+10,98888629.0,21.9,0.0,143.9
967,4e+10,98887779.0,22.2,0.0,144.1
968,3e+10,95949924.0,22.1,0.0,143.8
969,3e+10,293292208.0,22.2,0.0,144.1
970,4e+10,101251691.0,22.1,0.0,143.7
971,3e+10,106866125.0,22.5,0.0,143.9
972,3e+10,88904155.0,22.6,0.0,144.5
973,4e+10,27992599.0,0.1,0.5,122.1
974,4e+10,30143612.0,0.1,0.5,122.5
975,4e+10,29660166.0,0.1,0.5,122.4
976,4e+10,29718728.0,0.1,0.5,122.5
977,4e+10,30122800.0,0.1,0.5,122.5
978,4e+10,29930497.0,0.1,0.5,122.3
979,4e+10,33944731.0,0.1,0.5,122.4
980,4e+10,33100668.0,0.1,0.6,122.4
981,4e+10,29714484.0,0.1,0.5,122.5
982,4e+10,29929777.0,0.1,0.5,122.2
983,4e+10,29874016.0,0.1,0.5,122.2
984,4e+10,29943143.0,0.1,0.6,122.4
985,4e+10,29893410.0,0.1,0.5,122.4
986,4e+10,29885395.0,0.1,0.6,122.2
987,4e+10,29617428.0,0.1,0.6,122.6
988,4e+10,28076699.0,0.1,0.4,122.3
989,4e+10,29756962.0,0.1,0.5,122.4
990,4e+10,29940713.0,0.1,0.5,122.4
991,4e+10,27057973.0,0.1,0.5,122.4
992,4e+10,27912970.0,0.1,0.5,122.2
993,4e+10,29980798.0,0.1,0.5,122.4
994,4e+10,29680808.0,0.1,0.6,122.2
995,4e+10,29452229.0,0.1,0.5,122.2
996,4e+10,26523506.0,0.1,0.5,122.1
997,4e+10,28127855.0,0.1,0.6,122.6
998,4e+10,32825434.0,0.1,0.5,122.4
999,4e+10,29657808.0,0.1,0.5,122.4
1000,4e+10,27252436.0,0.1,0.5,122.5
1001,5e+10,30098917.0,0.1,0.5,122.4
1002,4e+10,31049432.0,0.1,0.6,122.6
1003,4e+10,33688486.0,0.1,0.5,122.1
1004,4e+10,34225017.0,0.1,0.4,122.3
1005,4e+10,29650978.0,0.1,0.5,122.4
1006,5e+10,29954372.0,0.1,0.6,122.3
1007,5e+10,29753198.0,0.1,0.5,122.2
1008,4e+10,29881718.0,0.1,0.6,122.3
1009,3e+10,33068685.0,8.1,0.0,129.9
1010,3e+10,32912132.0,8.1,0.0,129.6
1011,3e+10,29197995.0,8.1,0.0,129.9
1012,3e+10,33026208.0,8.0,0.0,129.7
1013,3e+10,29206961.0,8.0,0.0,129.7
1014,3e+10,29075191.0,8.1,0.0,129.8
1015,3e+10,29214725.0,8.0,0.0,129.7
1016,3e+10,25940532.0,8.1,0.0,129.7
1017,3e+10,29148662.0,8.0,0.0,129.9
1018,3e+10,29195901.0,8.1,0.0,129.9
1019,3e+10,29070257.0,8.1,0.0,129.8
1020,3e+10,32920928.0,8.1,0.0,129.6
1021,3e+10,29271182.0,8.0,0.0,129.9
1022,3e+10,29183378.0,8.1,0.0,129.8
1023,3e+10,29500626.0,8.0,0.0,129.9
1024,3e+10,30797984.0,8.1,0.0,129.8
1025,2e+10,29551051.0,8.0,0.0,129.9
1026,3e+10,29526706.0,8.1,0.0,129.8
1027,4e+10,29348089.0,0.1,0.5,122.2
1028,4e+10,33155634.0,0.1,0.5,122.4
1029,5e+10,33129293.0,0.1,0.6,122.3
1030,4e+10,32970114.0,0.1,0.6,122.2
1031,4e+10,33123990.0,0.1,0.5,122.2
1032,4e+10,32920409.0,0.1,0.5,122.4
1033,4e+10,34758135.0,0.1,0.5,122.2
1034,4e+10,33005504.0,0.1,0.6,122.4
1035,4e+10,29423187.0,0.1,0.5,122.4
1036,5e+10,32934609.0,0.1,0.5,122.4
1037,4e+10,33169249.0,0.1,0.5,122.4
1038,4e+10,32899166.0,0.1,0.6,122.1
1039,4e+10,33300454.0,0.1,0.5,122.4
1040,5e+10,33038462.0,0.1,0.6,122.3
1041,4e+10,33219655.0,0.1,0.5,122.4
1042,4e+10,29482485.0,0.1,0.5,122.3
1043,5e+10,33274184.0,0.1,0.5,122.1
1044,4e+10,33219801.0,0.1,0.5,122.4
1045,5e+10,33080016.0,0.1,0.6,122.2
1046,5e+10,32928225.0,0.1,0.5,122.3
1047,5e+10,29200785.0,0.0,0.4,122.1
1048,5e+10,33092635.0,0.1,0.5,122.3
1049,5e+10,32846964.0,0.1,0.6,122.3
1050,5e+10,32728531.0,0.5,0.0,122.2
1051,5e+10,30822588.0,0.1,0.5,122.4
1052,5e+10,36997096.0,0.1,0.5,122.2
1053,4e+10,32660463.0,0.1,0.5,122.1
1054,5e+10,29335604.0,0.1,0.6,122.2
1055,5e+10,33683542.0,0.1,0.5,122.4
1056,5e+10,32538015.0,0.1,0.5,122.4
1057,5e+10,30922493.0,0.1,0.5,122.2
1058,5e+10,32832882.0,0.0,0.5,122.2
1059,5e+10,32482112.0,0.1,0.4,122.4
1060,5e+10,33104458.0,0.1,0.5,122.2
1061,5e+10,32839200.0,0.1,0.5,122.5
1062,5e+10,30956929.0,0.1,0.5,122.4
1063,3e+10,32351916.0,8.0,0.0,129.9
1064,4e+10,30334426.0,8.1,0.0,129.8
1065,3e+10,32241266.0,8.0,0.0,129.6
1066,3e+10,32518248.0,8.0,0.0,129.8
1067,3e+10,32005553.0,8.0,0.0,129.9
1068,3e+10,32513098.0,8.0,0.0,129.6
1069,3e+10,32272083.0,8.1,0.0,129.8
1070,3e+10,32165902.0,8.0,0.0,129.8
1071,4e+10,35325994.0,8.0,0.0,129.9
1072,3e+10,32114776.0,8.0,0.0,129.9
1073,3e+10,30317837.0,8.0,0.0,129.9
1074,3e+10,31961051.0,8.1,0.0,129.6
1075,4e+10,32058403.0,8.0,0.0,129.9
1076,4e+10,36212399.0,8.0,0.0,129.9
1077,3e+10,28882875.0,8.0,0.0,129.8
1078,3e+10,32161099.0,8.0,0.0,129.9
1079,3e+10,32446536.0,8.1,0.0,129.6
1080,3e+10,32880875.0,8.0,0.0,129.8
1081,6e+10,73624799.0,0.1,0.5,122.2
1082,6e+10,73733146.0,0.1,0.6,122.2
1083,6e+10,75447249.0,0.1,0.6,122.3
1084,6e+10,74046049.0,0.1,0.5,122.6
1085,6e+10,67871134.0,0.1,0.5,122.2
1086,6e+10,70970325.0,0.1,0.5,122.4
1087,6e+10,67999297.0,0.1,0.5,122.3
1088,6e+10,73466592.0,0.1,0.5,122.2
1089,6e+10,65071858.0,0.5,0.0,122.3
1090,6e+10,70317946.0,0.1,0.6,122.2
1091,6e+10,61242600.0,0.1,0.5,122.2
1092,6e+10,71260323.0,0.1,0.5,122.4
1093,6e+10,73420958.0,0.1,0.5,122.5
1094,7e+10,70923125.0,0.1,0.5,122.2
1095,6e+10,67957164.0,0.1,0.5,122.2
1096,6e+10,73476885.0,0.1,0.5,122.2
1097,6e+10,71039550.0,0.1,0.5,122.2
1098,6e+10,61388920.0,0.1,0.5,122.2
1099,7e+10,74370840.0,0.1,0.6,122.3
1100,7e+10,75025537.0,0.1,0.4,122.4
1101,7e+10,75262937.0,0.1,0.5,122.4
1102,6e+10,71711349.0,0.1,0.5,122.4
1103,6e+10,74174524.0,0.1,0.5,122.4
1104,6e+10,75861655.0,0.1,0.5,122.2
1105,6e+10,74484771.0,0.1,0.5,122.5
1106,6e+10,74741831.0,0.1,0.5,122.5
1107,6e+10,74822055.0,0.1,0.5,122.3
1108,7e+10,74596071.0,0.1,0.5,122.4
1109,6e+10,64709759.0,0.1,0.5,122.5
1110,6e+10,74306066.0,0.1,0.5,122.4
1111,9e+10,74285164.0,0.1,0.5,122.2
1112,6e+10,75462873.0,0.1,0.5,122.1
1113,6e+10,74230986.0,0.1,0.6,122.2
1114,6e+10,74409526.0,0.1,0.5,122.4
1115,7e+10,74650360.0,0.1,0.5,122.2
1116,6e+10,74719884.0,0.1,0.5,122.4
1117,5e+10,82531369.0,8.0,0.0,129.9
1118,4e+10,68493849.0,8.0,0.0,129.9
1119,5e+10,71141289.0,8.0,0.0,130.0
1120,4e+10,74176947.0,8.0,0.0,129.9
1121,4e+10,71819288.0,9.3,0.0,130.8
1122,3e+10,68912350.0,9.3,0.0,131.1
1123,4e+10,74046553.0,8.1,0.0,129.6
1124,5e+10,74129525.0,8.0,0.0,129.9
1125,3e+10,74089165.0,8.1,0.0,129.8
1126,3e+10,70112984.0,8.0,0.0,129.7
1127,4e+10,74081422.0,9.3,0.0,131.1
1128,5e+10,163991673.0,9.3,0.0,131.0
1129,5e+10,74132772.0,8.0,0.0,129.6
1130,3e+10,71975036.0,8.0,0.0,129.9
1131,3e+10,73627618.0,8.1,0.0,129.7
1132,3e+10,74109093.0,8.1,0.0,129.9
1133,3e+10,71404298.0,8.0,0.0,130.0
1134,3e+10,69381482.0,8.0,0.0,129.9
1135,4e+10,31488800.0,0.1,0.5,122.3
1136,4e+10,33727771.0,0.1,0.4,122.3
1137,4e+10,33669646.0,0.1,0.4,122.4
1138,4e+10,33353656.0,0.4,0.0,122.1
1139,4e+10,33503813.0,0.1,0.5,122.1
1140,4e+10,33287041.0,0.1,0.4,122.4
1141,4e+10,33232250.0,0.1,0.4,122.2
1142,4e+10,31386251.0,0.1,0.4,122.4
1143,4e+10,33581053.0,0.1,0.4,122.3
1144,4e+10,33471782.0,0.4,0.0,122.3
1145,4e+10,32072400.0,0.1,0.5,122.2
1146,4e+10,33544803.0,0.1,0.4,122.4
1147,4e+10,33470480.0,0.1,0.4,122.2
1148,4e+10,33440220.0,0.3,0.0,122.3
1149,4e+10,31489585.0,0.4,0.0,122.1
1150,4e+10,30247079.0,0.4,0.0,122.4
1151,4e+10,31284688.0,0.1,0.4,122.4
1152,4e+10,33627772.0,0.1,0.5,122.1
1153,3e+10,31132291.0,0.0,0.4,122.2
1154,3e+10,33015946.0,0.1,0.4,122.3
1155,3e+10,33046103.0,0.1,0.4,122.2
1156,4e+10,33133447.0,0.1,0.5,122.4
1157,4e+10,33186051.0,0.4,0.0,122.3
1158,3e+10,31272969.0,0.2,0.3,122.3
1159,4e+10,31268646.0,0.2,0.2,122.2
1160,3e+10,33196312.0,0.1,0.5,122.1
1161,4e+10,31075988.0,0.1,0.5,122.1
1162,4e+10,32577559.0,0.1,0.4,121.9
1163,3e+10,33121468.0,0.1,0.4,122.3
1164,5e+10,33470011.0,0.4,0.0,122.2
1165,4e+10,29925046.0,0.1,0.5,122.2
1166,4e+10,33149801.0,0.1,0.4,122.1
1167,3e+10,33036832.0,0.1,0.5,122.3
1168,5e+10,29898848.0,0.1,0.6,122.4
1169,3e+10,33355688.0,0.1,0.5,122.1
1170,3e+10,29668534.0,0.1,0.6,122.1
1171,3e+10,32986936.0,16.1,0.0,137.9
1172,3e+10,30717393.0,16.2,0.0,138.0
1173,3e+10,32704486.0,16.1,0.0,137.8
1174,3e+10,34264286.0,16.1,0.0,137.8
1175,3e+10,29539262.0,14.9,0.0,136.3
1176,3e+10,33200896.0,14.9,0.0,136.4
1177,3e+10,30549788.0,16.2,0.0,137.9
1178,3e+10,30910571.0,16.1,0.0,137.6
1179,3e+10,32871518.0,16.1,0.0,137.6
1180,3e+10,32584329.0,16.2,0.0,138.0
1181,3e+10,32536569.0,15.0,0.0,136.4
1182,3e+10,36815914.0,15.0,0.0,136.6
1183,3e+10,32800685.0,13.6,0.0,135.4
1184,3e+10,33171103.0,13.7,0.0,135.1
1185,3e+10,32829696.0,13.6,0.0,135.1
1186,3e+10,30889217.0,13.6,0.0,135.3
1187,3e+10,32738185.0,15.0,0.0,136.6
1188,3e+10,32930582.0,15.0,0.0,136.6
1189,5e+10,37293780.0,0.1,0.5,122.2
1190,5e+10,35449188.0,0.1,0.5,122.3
1191,5e+10,36940132.0,0.1,0.5,122.3
1192,5e+10,35797158.0,0.1,0.5,122.3
1193,5e+10,37684355.0,0.1,0.5,122.2
1194,5e+10,37575813.0,0.1,0.5,122.4
1195,5e+10,35197103.0,0.1,0.6,122.1
1196,5e+10,37339978.0,0.1,0.5,122.3
1197,5e+10,37402479.0,0.1,0.4,122.0
1198,5e+10,37415395.0,0.1,0.5,122.3
1199,5e+10,37494719.0,0.1,0.6,122.1
1200,5e+10,37728574.0,0.1,0.6,122.3
1201,5e+10,35113457.0,0.1,0.5,122.3
1202,5e+10,33567460.0,0.1,0.6,122.0
1203,5e+10,37635918.0,0.1,0.6,122.0
1204,5e+10,33761366.0,0.1,0.6,122.0
1205,5e+10,35324500.0,0.1,0.5,122.0
1206,5e+10,37726908.0,0.1,0.6,122.1
1207,5e+10,37549667.0,0.1,0.6,122.2
1208,5e+10,37238363.0,0.1,0.5,122.4
1209,5e+10,35870909.0,0.1,0.5,122.0
1210,5e+10,34823456.0,0.1,0.6,122.4
1211,4e+10,33040061.0,0.1,0.5,122.2
1212,5e+10,33228396.0,0.1,0.5,122.4
1213,5e+10,35221218.0,0.1,0.5,122.4
1214,5e+10,42161201.0,0.1,0.4,122.1
1215,4e+10,37262999.0,0.1,0.4,122.1
1216,4e+10,33144697.0,0.1,0.5,122.3
1217,4e+10,37367010.0,0.1,0.4,122.0
1218,5e+10,33519699.0,0.1,0.5,122.3
1219,5e+10,34900748.0,0.1,0.5,122.4
1220,5e+10,35138718.0,0.1,0.5,122.3
1221,5e+10,37270550.0,0.1,0.5,122.3
1222,4e+10,34747049.0,0.1,0.5,122.0
1223,5e+10,33504699.0,0.1,0.5,122.0
1224,5e+10,34903352.0,0.1,0.4,122.0
1225,4e+10,37098259.0,15.0,0.0,136.6
1226,4e+10,36954560.0,14.9,0.0,136.4
1227,3e+10,36903726.0,14.9,0.0,136.5
1228,3e+10,36569922.0,15.0,0.0,136.4
1229,3e+10,36542110.0,14.9,0.0,136.5
1230,4e+10,36717580.0,14.9,0.0,136.3
1231,3e+10,36480704.0,14.9,0.0,136.4
1232,4e+10,37124404.0,15.0,0.0,136.6
1233,3e+10,34414547.0,14.9,0.0,136.5
1234,3e+10,36616589.0,14.9,0.0,136.3
1235,3e+10,36963309.0,14.9,0.0,136.6
1236,4e+10,34425328.0,14.8,0.0,136.4
1237,3e+10,36636120.0,16.0,0.0,137.7
1238,3e+10,36841382.0,16.1,0.0,137.9
1239,3e+10,36788621.0,16.0,0.0,137.5
1240,3e+10,37035654.0,16.1,0.0,137.6
1241,3e+10,36726954.0,15.0,0.0,136.7
1242,3e+10,36995237.0,14.9,0.0,136.7
1243,6e+10,78847269.0,0.1,0.5,122.3
1244,6e+10,90378004.0,0.1,0.5,122.2
1245,6e+10,79428991.0,0.1,0.5,122.4
1246,6e+10,78898051.0,0.1,0.5,122.2
1247,6e+10,86641944.0,0.1,0.5,122.1
1248,6e+10,78254454.0,0.1,0.5,122.2
1249,6e+10,86321526.0,0.1,0.5,122.2
1250,6e+10,90463630.0,0.1,0.5,122.3
1251,6e+10,78914718.0,0.1,0.4,122.1
1252,6e+10,78606747.0,0.1,0.5,122.1
1253,6e+10,75407461.0,0.1,0.5,122.0
1254,6e+10,85671730.0,0.1,0.6,122.0
1255,6e+10,86177566.0,0.1,0.6,122.1
1256,6e+10,83767867.0,0.1,0.6,122.1
1257,6e+10,81931035.0,0.1,0.5,122.2
1258,6e+10,83495991.0,0.1,0.5,122.2
1259,6e+10,82584788.0,0.1,0.5,122.0
1260,6e+10,75413658.0,0.1,0.5,122.2
1261,7e+10,93077184.0,0.1,0.5,122.1
1262,7e+10,80012432.0,0.1,0.5,122.4
1263,7e+10,89241697.0,0.1,0.6,122.1
1264,7e+10,85802148.0,0.1,0.5,122.3
1265,7e+10,89638469.0,0.1,0.5,122.3
1266,7e+10,86838247.0,0.1,0.5,122.0
1267,7e+10,92606817.0,0.1,0.4,122.1
1268,7e+10,91457488.0,0.1,0.5,122.0
1269,7e+10,90448056.0,0.1,0.5,122.1
1270,7e+10,92691765.0,0.1,0.5,122.4
1271,7e+10,89501489.0,0.1,0.5,122.1
1272,7e+10,92665672.0,0.1,0.5,122.4
1273,7e+10,91838740.0,0.1,0.5,122.0
1274,7e+10,81977285.0,0.1,0.5,122.1
1275,7e+10,83058853.0,0.1,0.5,122.0
1276,7e+10,92780412.0,0.1,0.5,122.3
1277,7e+10,83764325.0,0.1,0.5,122.1
1278,7e+10,80643216.0,0.1,0.5,122.2
1279,3e+10,88739819.0,17.3,0.0,138.8
1280,5e+10,92482077.0,17.3,0.0,139.0
1281,6e+10,92613172.0,17.3,0.0,139.0
1282,6e+10,86895904.0,17.3,0.0,139.0
1283,4e+10,83361146.0,18.5,0.0,140.1
1284,4e+10,80113474.0,18.6,0.0,140.3
1285,3e+10,92526453.0,17.3,0.0,139.0
1286,4e+10,92451712.0,17.4,0.0,139.2
1287,4e+10,92652390.0,17.4,0.0,139.1
1288,3e+10,85583709.0,17.3,0.0,139.1
1289,3e+10,85324958.0,18.4,0.0,140.0
1290,5e+10,91884938.0,18.6,0.0,139.9
1291,3e+10,82836925.0,18.6,0.0,140.0
1292,3e+10,87981065.0,18.6,0.0,140.0
1293,4e+10,92615307.0,18.5,0.0,140.0
1294,3e+10,85090790.0,18.5,0.0,140.1
1295,6e+10,92978017.0,17.3,0.0,139.0
1296,5e+10,84707663.0,17.2,0.0,138.5
1297,4e+10,31880941.0,0.1,0.7,122.5
1298,4e+10,34231108.0,0.1,0.6,122.1
1299,4e+10,32627507.0,0.1,0.5,122.3
1300,4e+10,32021618.0,0.1,0.5,122.2
1301,4e+10,34070066.0,0.1,0.6,122.5
1302,4e+10,34093139.0,0.1,0.6,122.4
1303,4e+10,34033243.0,0.1,0.5,122.4
1304,4e+10,33772929.0,0.1,0.6,122.2
1305,4e+10,33943608.0,0.1,0.6,122.3
1306,4e+10,33887774.0,0.1,0.5,122.4
1307,4e+10,31754690.0,0.1,0.6,122.1
1308,4e+10,36423411.0,0.1,0.6,122.3
1309,4e+10,33196885.0,0.1,0.6,122.3
1310,4e+10,33400688.0,0.1,0.6,122.3
1311,4e+10,33679908.0,0.1,0.6,122.5
1312,4e+10,30488851.0,0.1,0.5,122.1
1313,4e+10,32082192.0,0.1,0.6,122.1
1314,4e+10,34155431.0,0.1,0.5,122.4
1315,5e+10,34051160.0,0.1,0.6,122.5
1316,5e+10,30138849.0,0.1,0.6,122.4
1317,5e+10,33859388.0,0.1,0.6,122.1
1318,4e+10,33599335.0,0.1,0.7,122.5
1319,4e+10,31528438.0,0.1,0.6,122.5
1320,4e+10,33662043.0,0.1,0.6,122.3
1321,4e+10,33760637.0,0.1,0.5,122.2
1322,4e+10,33726002.0,0.1,0.6,122.3
1323,5e+10,33879440.0,0.1,0.6,122.4
1324,4e+10,37565969.0,0.1,0.6,122.1
1325,3e+10,33907044.0,0.1,0.6,122.4
1326,4e+10,33579907.0,0.1,0.5,122.1
1327,5e+10,31922347.0,0.1,0.6,122.3
1328,4e+10,33389281.0,0.1,0.6,122.1
1329,4e+10,31736460.0,0.1,0.6,122.3
1330,4e+10,31776513.0,0.1,0.6,122.2
1331,4e+10,33642564.0,0.1,0.6,122.1
1332,5e+10,33696210.0,0.1,0.6,122.3
1333,3e+10,33206208.0,15.5,0.0,137.3
1334,3e+10,35689345.0,15.6,0.0,137.1
1335,3e+10,33371730.0,15.5,0.0,137.2
1336,3e+10,37195707.0,15.5,0.0,137.2
1337,3e+10,33227406.0,16.2,0.0,137.6
1338,3e+10,32961884.0,16.2,0.0,137.7
1339,3e+10,29833483.0,15.6,0.0,137.0
1340,3e+10,33197770.0,15.5,0.0,137.0
1341,3e+10,33270063.0,15.6,0.0,136.9
1342,3e+10,33023811.0,15.6,0.0,137.2
1343,3e+10,29887389.0,16.3,0.0,138.0
1344,3e+10,33245323.0,16.4,0.0,138.0
1345,3e+10,33278656.0,16.3,0.0,137.9
1346,3e+10,32820789.0,16.3,0.0,137.8
1347,3e+10,33143655.0,16.3,0.0,138.0
1348,3e+10,32902821.0,16.3,0.0,137.8
1349,3e+10,34401110.0,16.2,0.0,137.7
1350,3e+10,30493694.0,16.4,0.0,138.2
1351,5e+10,38288786.0,0.1,0.6,122.2
1352,5e+10,38305973.0,0.1,0.6,122.3
1353,5e+10,35878096.0,0.1,0.6,122.1
1354,5e+10,38159982.0,0.1,0.6,122.3
1355,5e+10,33881159.0,0.1,0.6,122.2
1356,5e+10,35734554.0,0.1,0.6,122.2
1357,5e+10,38171076.0,0.1,0.6,122.1
1358,5e+10,38617433.0,0.1,0.6,122.2
1359,5e+10,35866169.0,0.1,0.5,122.1
1360,5e+10,38374932.0,0.1,0.6,122.3
1361,5e+10,38087638.0,0.1,0.6,122.3
1362,5e+10,38049148.0,0.1,0.6,122.2
1363,5e+10,38078055.0,0.1,0.5,122.1
1364,5e+10,38116493.0,0.1,0.6,122.3
1365,5e+10,35768304.0,0.1,0.5,122.2
1366,5e+10,38068419.0,0.1,0.5,122.2
1367,5e+10,38345764.0,0.1,0.6,122.2
1368,5e+10,38142118.0,0.1,0.6,122.5
1369,5e+10,37556907.0,0.1,0.7,122.5
1370,6e+10,38193264.0,0.1,0.6,122.1
1371,6e+10,34947571.0,0.1,0.5,122.2
1372,6e+10,38854153.0,0.1,0.6,122.2
1373,5e+10,41469739.0,0.1,0.6,122.3
1374,6e+10,37797689.0,0.1,0.6,122.2
1375,6e+10,37709459.0,0.1,0.6,122.1
1376,3e+10,36488152.0,0.1,0.6,122.2
1377,5e+10,42307972.0,0.1,0.6,122.3
1378,6e+10,40518328.0,0.1,0.5,122.2
1379,5e+10,37744199.0,0.1,0.6,122.1
1380,5e+10,37592949.0,0.1,0.6,122.1
1381,5e+10,37616750.0,0.1,0.6,122.3
1382,5e+10,37639668.0,0.1,0.6,122.1
1383,6e+10,37872065.0,0.1,0.5,122.1
1384,5e+10,37636282.0,0.1,0.6,122.3
1385,5e+10,42162242.0,0.1,0.5,122.4
1386,5e+10,37508625.0,0.1,0.5,122.3
1387,4e+10,33422615.0,16.4,0.0,138.1
1388,4e+10,37434250.0,16.3,0.0,137.7
1389,4e+10,37408781.0,16.2,0.0,137.8
1390,4e+10,37135082.0,16.3,0.0,138.0
1391,4e+10,33192562.0,16.3,0.0,137.7
1392,4e+10,37835867.0,16.3,0.0,138.0
1393,4e+10,37476177.0,16.3,0.0,137.9
1394,4e+10,39726969.0,16.3,0.0,137.9
1395,4e+10,37378260.0,16.2,0.0,137.7
1396,4e+10,37211956.0,16.3,0.0,137.8
1397,4e+10,39442229.0,16.4,0.0,138.1
1398,4e+10,35090071.0,16.2,0.0,137.7
1399,4e+10,37577271.0,16.7,0.0,138.3
1400,4e+10,38184983.0,16.5,0.0,138.3
1401,4e+10,42425629.0,16.6,0.0,138.3
1402,4e+10,37360499.0,16.5,0.0,138.3
1403,4e+10,37407791.0,16.2,0.0,137.9
1404,4e+10,38112534.0,16.4,0.0,138.0
1405,7e+10,86923716.0,0.1,0.6,122.5
1406,7e+10,80107849.0,0.1,0.6,122.1
1407,7e+10,79222271.0,0.1,0.6,122.3
1408,7e+10,91456134.0,0.1,0.5,122.3
1409,7e+10,87967679.0,0.1,0.5,122.2
1410,7e+10,87563615.0,0.1,0.6,122.2
1411,7e+10,88483828.0,0.1,0.5,122.3
1412,7e+10,84332192.0,0.1,0.6,122.2
1413,7e+10,84874175.0,0.1,0.5,122.4
1414,7e+10,91530093.0,0.1,0.6,122.1
1415,7e+10,80945196.0,0.1,0.6,122.5
1416,7e+10,87879659.0,0.1,0.6,122.5
1417,7e+10,85511990.0,0.1,0.7,122.5
1418,7e+10,85886575.0,0.1,0.6,122.1
1419,7e+10,97510175.0,0.1,0.6,122.2
1420,7e+10,90892902.0,0.1,0.6,122.1
1421,7e+10,87522990.0,0.1,0.6,122.5
1422,7e+10,76065485.0,0.1,0.6,122.3
1423,7e+10,92873694.0,0.1,0.5,122.2
1424,7e+10,81395719.0,0.1,0.6,122.3
1425,7e+10,87110280.0,0.1,0.6,122.3
1426,7e+10,93249477.0,0.1,0.6,122.2
1427,7e+10,92723485.0,0.1,0.6,122.3
1428,7e+10,92651713.0,0.1,0.7,122.5
1429,7e+10,93251195.0,0.1,0.7,122.5
1430,7e+10,91621968.0,0.1,0.5,122.4
1431,7e+10,90766235.0,0.1,0.6,122.0
1432,7e+10,93124841.0,0.1,0.5,122.4
1433,7e+10,92958850.0,0.1,0.6,122.0
1434,7e+10,93335519.0,0.1,0.6,122.5
1435,7e+10,92927079.0,0.1,0.6,122.3
1436,7e+10,80362069.0,0.1,0.6,122.2
1437,7e+10,86053659.0,0.1,0.6,122.2
1438,7e+10,85903971.0,0.1,0.6,122.2
1439,7e+10,93226769.0,0.1,0.5,122.4
1440,7e+10,92942444.0,0.1,0.6,122.0
1441,6e+10,99026953.0,18.8,0.0,140.5
1442,6e+10,93073850.0,18.7,0.0,140.5
1443,6e+10,93286039.0,18.8,0.0,140.1
1444,5e+10,92907652.0,18.7,0.0,140.4
1445,4e+10,86055378.0,18.7,0.0,140.3
1446,2e+10,86353089.0,18.6,0.0,140.1
1447,3e+10,93243019.0,18.8,0.0,140.5
1448,4e+10,88835236.0,18.7,0.0,140.5
1449,5e+10,87105487.0,18.7,0.0,140.2
1450,4e+10,93108278.0,18.7,0.0,140.4
1451,5e+10,86182358.0,18.7,0.0,140.5
1452,4e+10,93164529.0,18.6,0.0,140.4
1453,4e+10,82143640.0,18.9,0.0,140.8
1454,6e+10,87351218.0,18.9,0.0,140.4
1455,6e+10,92906089.0,19.0,0.0,140.7
1456,4e+10,92943225.0,19.0,0.0,140.3
1457,4e+10,92998850.0,18.7,0.0,140.4
1458,6e+10,93355623.0,18.7,0.0,140.2
1459,5e+10,34568766.0,0.1,0.5,122.0
1460,5e+10,34605694.0,0.1,0.5,122.0
1461,5e+10,38492224.0,0.1,0.5,122.0
1462,5e+10,38572328.0,0.1,0.6,122.1
1463,5e+10,38582589.0,0.1,0.4,122.4
1464,5e+10,36242421.0,0.1,0.5,122.5
1465,5e+10,38244410.0,0.1,0.4,122.0
1466,5e+10,38346234.0,0.1,0.6,122.0
1467,5e+10,43167143.0,0.1,0.5,122.2
1468,5e+10,38720871.0,0.1,0.5,122.3
1469,5e+10,38393474.0,0.1,0.4,122.4
1470,5e+10,43250373.0,0.1,0.5,122.4
1471,5e+10,36377370.0,0.1,0.6,122.0
1472,5e+10,38540922.0,0.1,0.6,122.4
1473,5e+10,38867902.0,0.1,0.4,122.1
1474,5e+10,38862851.0,0.1,0.5,122.3
1475,5e+10,38645870.0,0.1,0.5,122.2
1476,5e+10,38481807.0,0.1,0.5,122.0
1477,3e+10,38729204.0,0.1,0.5,122.0
1478,6e+10,38092378.0,0.1,0.6,122.0
1479,4e+10,37912273.0,0.1,0.5,122.1
1480,3e+10,38398890.0,0.1,0.6,122.2
1481,5e+10,38532797.0,0.1,0.6,122.6
1482,4e+10,41492708.0,0.1,0.5,122.5
1483,5e+10,38245660.0,0.1,0.5,122.0
1484,4e+10,38435765.0,0.1,0.5,122.3
1485,3e+10,38401754.0,0.1,0.6,122.3
1486,3e+10,38143420.0,0.1,0.6,122.1
1487,4e+10,34761893.0,0.1,0.6,122.4
1488,5e+10,38251493.0,0.1,0.6,122.4
1489,4e+10,38137899.0,0.1,0.5,122.3
1490,4e+10,38179618.0,0.1,0.6,122.2
1491,5e+10,38249567.0,0.1,0.5,122.3
1492,4e+10,35808669.0,0.1,0.5,122.1
1493,4e+10,35592730.0,0.1,0.4,122.1
1494,6e+10,38425453.0,0.1,0.5,122.3
1495,4e+10,38092534.0,19.5,0.0,140.9
1496,4e+10,38050086.0,19.4,0.0,141.1
1497,4e+10,38168368.0,19.3,0.0,141.0
1498,4e+10,37740553.0,19.4,0.0,141.2
1499,4e+10,37712011.0,19.3,0.0,141.1
1500,4e+10,37673157.0,19.4,0.0,141.5
1501,4e+10,37809304.0,19.4,0.0,141.2
1502,4e+10,38296858.0,19.4,0.0,141.1
1503,4e+10,37739511.0,19.3,0.0,140.9
1504,4e+10,33981420.0,19.3,0.0,140.8
1505,4e+10,42439848.0,19.3,0.0,141.1
1506,4e+10,42277920.0,19.2,0.0,141.0
1507,4e+10,37610032.0,20.3,0.0,141.9
1508,4e+10,37588000.0,20.2,0.0,142.0
1509,4e+10,37706022.0,20.2,0.0,141.8
1510,4e+10,42437035.0,20.4,0.0,142.0
1511,4e+10,37625709.0,19.4,0.0,140.9
1512,4e+10,37652584.0,19.4,0.0,141.1
1513,6e+10,45515162.0,0.1,0.6,151.6
1514,6e+10,45999691.0,0.1,0.5,152.4
1515,6e+10,45736308.0,0.1,0.6,151.9
1516,6e+10,45966946.0,0.1,0.6,152.3
1517,6e+10,45797739.0,0.1,0.6,152.2
1518,6e+10,45415096.0,0.1,0.4,151.4
1519,6e+10,45938114.0,0.1,0.6,152.1
1520,6e+10,46023990.0,0.1,0.6,151.6
1521,6e+10,45729529.0,0.1,0.6,152.4
1522,6e+10,45495448.0,0.1,0.6,151.9
1523,6e+10,45972506.0,0.1,0.6,152.3
1524,6e+10,45513187.0,0.1,0.6,152.4
1525,6e+10,45855404.0,0.1,0.6,152.1
1526,6e+10,45771099.0,0.1,0.5,152.1
1527,6e+10,45701786.0,0.1,0.6,151.9
1528,6e+10,45843301.0,0.1,0.5,151.9
1529,6e+10,45742107.0,0.1,0.5,152.3
1530,6e+10,45679629.0,0.1,0.6,152.1
1531,5e+10,45401544.0,0.1,0.5,152.0
1532,5e+10,45487654.0,0.1,0.6,151.6
1533,7e+10,45417893.0,0.1,0.6,152.0
1534,6e+10,34109973.0,0.1,0.6,152.0
1535,6e+10,45344542.0,0.1,0.6,152.5
1536,6e+10,45293757.0,0.1,0.5,152.0
1537,7e+10,45661701.0,0.1,0.6,151.9
1538,5e+10,45176273.0,0.1,0.6,151.8
1539,7e+10,45337412.0,0.1,0.7,152.0
1540,7e+10,45895845.0,0.1,0.6,152.1
1541,7e+10,45578291.0,0.1,0.4,151.6
1542,6e+10,45945009.0,0.1,0.6,151.9
1543,6e+10,45316050.0,0.1,0.6,152.5
1544,7e+10,45569909.0,0.1,0.5,152.0
1545,6e+10,45273345.0,0.1,0.6,152.6
1546,6e+10,45441052.0,0.1,0.6,152.3
1547,6e+10,45278864.0,0.1,0.4,151.8
1548,6e+10,45499020.0,0.1,0.6,152.2
1549,5e+10,44832822.0,19.5,0.0,170.9
1550,5e+10,45177040.0,19.6,0.0,170.9
1551,5e+10,45130372.0,19.6,0.0,171.2
1552,5e+10,45371221.0,19.5,0.0,170.6
1553,5e+10,45205138.0,17.8,0.0,169.1
1554,5e+10,45101654.0,20.4,0.0,171.9
1555,5e+10,44770304.0,20.4,0.0,172.2
1556,5e+10,45117181.0,20.2,0.0,171.6
1557,5e+10,45229891.0,19.6,0.0,170.6
1558,5e+10,44868018.0,19.5,0.0,171.1
1559,5e+10,45190476.0,17.9,0.0,169.1
1560,5e+10,28692321.0,17.4,0.0,169.1
1561,5e+10,44986934.0,19.5,0.0,170.9
1562,5e+10,44882206.0,19.5,0.0,170.9
1563,5e+10,44998879.0,20.6,0.0,171.9
1564,5e+10,45127946.0,19.0,0.0,170.1
1565,5e+10,32417240.0,19.7,0.0,171.5
1566,5e+10,44739774.0,19.7,0.0,171.2
1567,9e+10,112619121.0,0.1,0.5,152.0
1568,9e+10,112440444.0,0.1,0.6,152.5
1569,9e+10,112029328.0,0.1,0.6,151.8
1570,9e+10,112518354.0,0.1,0.6,151.8
1571,9e+10,107714736.0,0.1,0.5,151.8
1572,9e+10,107803034.0,0.1,0.6,152.0
1573,9e+10,113180109.0,0.1,0.6,152.0
1574,9e+10,113011837.0,0.1,0.5,152.0
1575,9e+10,112855595.0,0.1,0.5,152.3
1576,9e+10,113005262.0,0.1,0.5,152.3
1577,9e+10,107365968.0,0.1,0.6,152.5
1578,9e+10,107756522.0,0.1,0.5,152.1
1579,9e+10,112597192.0,0.1,0.6,152.6
1580,9e+10,112448604.0,0.4,0.0,153.8
1581,9e+10,112362539.0,0.1,0.4,151.7
1582,9e+10,112232162.0,0.1,0.6,151.8
1583,9e+10,107572840.0,0.1,0.5,151.7
1584,9e+10,107311743.0,0.1,0.6,152.0
1585,9e+10,114586970.0,0.1,0.6,151.9
1586,9e+10,114505717.0,0.1,0.5,151.5
1587,9e+10,114843213.0,0.1,0.6,151.9
1588,9e+10,114756753.0,0.1,0.5,152.3
1589,9e+10,114704330.0,0.1,0.5,151.9
1590,9e+10,114580751.0,0.1,0.6,152.2
1591,9e+10,114521469.0,0.1,0.6,152.0
1592,9e+10,114926467.0,0.1,0.6,151.8
1593,9e+10,114847013.0,0.1,0.6,151.8
1594,9e+10,115128877.0,0.1,0.6,151.7
1595,1e+11,114987750.0,0.1,0.6,152.3
1596,9e+10,114679149.0,0.1,0.6,152.2
1597,9e+10,114840414.0,0.1,0.5,152.3
1598,9e+10,114724249.0,0.1,0.6,152.1
1599,9e+10,114598822.0,0.1,0.5,152.2
1600,9e+10,114959936.0,0.1,0.6,152.3
1601,9e+10,115118071.0,0.1,0.6,152.5
1602,9e+10,114480127.0,0.1,0.5,152.2
1603,8e+10,114809588.0,23.1,0.0,174.8
1604,8e+10,131817290.0,22.8,0.0,174.1
1605,8e+10,115046060.0,23.0,0.0,174.6
1606,6e+10,114865992.0,23.0,0.0,174.7
1607,4e+10,114768119.0,22.8,0.0,174.5
1608,7e+10,114984835.0,20.1,0.0,171.8
1609,5e+10,115298581.0,21.8,0.0,173.3
1610,4e+10,115114062.0,21.8,0.0,173.1
1611,6e+10,115265224.0,21.9,0.0,172.9
1612,7e+10,115424487.0,23.0,0.0,174.3
1613,7e+10,115114618.0,22.0,0.0,173.3
1614,5e+10,115129528.0,23.0,0.0,174.2
1615,5e+10,115376986.0,23.9,0.0,175.7
1616,6e+10,115225267.0,23.7,0.0,175.5
1617,6e+10,115388478.0,23.1,0.0,174.7
1618,6e+10,115584111.0,23.7,0.0,175.2
1619,6e+10,115184036.0,22.3,0.0,174.0
1620,5e+10,114771159.0,21.6,0.0,173.3
1621,6e+10,40719445.0,0.1,0.6,151.8
1622,6e+10,40779963.0,0.1,0.7,151.9
1623,6e+10,41065951.0,0.1,0.6,151.9
1624,6e+10,40879838.0,0.1,0.7,152.1
1625,6e+10,40835905.0,0.1,0.6,152.4
1626,6e+10,40562482.0,0.1,0.6,152.2
1627,6e+10,40923011.0,0.1,0.7,152.5
1628,6e+10,40839890.0,0.1,0.6,152.1
1629,6e+10,40413383.0,0.1,0.7,152.4
1630,6e+10,40569947.0,0.1,0.7,152.1
1631,6e+10,40818526.0,0.4,0.0,153.9
1632,6e+10,40928810.0,0.3,0.0,153.1
1633,6e+10,41107542.0,0.1,0.7,152.2
1634,6e+10,40807898.0,0.1,0.6,151.9
1635,6e+10,40538726.0,0.1,0.6,151.9
1636,6e+10,41112680.0,0.1,0.6,151.7
1637,6e+10,40565492.0,0.1,0.5,151.9
1638,6e+10,40856836.0,0.1,0.7,152.3
1639,6e+10,40398734.0,0.1,0.6,151.9
1640,5e+10,40389319.0,0.1,0.6,152.3
1641,6e+10,40809377.0,0.1,0.6,151.8
1642,6e+10,40850579.0,0.1,0.7,152.4
1643,5e+10,40710217.0,0.1,0.6,152.1
1644,5e+10,40722406.0,0.1,0.6,152.1
1645,6e+10,40818935.0,0.1,0.6,152.3
1646,6e+10,40205096.0,0.1,0.7,151.8
1647,4e+10,72802611.0,0.1,0.6,152.3
1648,4e+10,40647033.0,0.1,0.7,152.3
1649,4e+10,40609848.0,0.1,0.6,152.6
1650,4e+10,32968140.0,0.1,0.7,152.0
1651,6e+10,40751256.0,0.1,0.7,152.3
1652,6e+10,40688288.0,0.1,0.7,152.3
1653,6e+10,40821726.0,0.1,0.7,152.0
1654,6e+10,40736570.0,0.1,0.6,152.0
1655,5e+10,40348341.0,0.1,0.7,152.2
1656,6e+10,40600893.0,0.1,0.6,152.3
1657,4e+10,40203915.0,20.1,0.0,171.7
1658,4e+10,40227352.0,21.1,0.0,172.3
1659,4e+10,40007352.0,19.9,0.0,171.3
1660,4e+10,39809072.0,20.1,0.0,171.3
1661,4e+10,39856296.0,19.9,0.0,171.4
1662,4e+10,39926633.0,21.3,0.0,173.0
1663,4e+10,39613387.0,20.1,0.0,171.3
1664,4e+10,40313376.0,20.0,0.0,171.8
1665,4e+10,39874672.0,19.8,0.0,171.2
1666,4e+10,39926386.0,20.2,0.0,172.0
1667,4e+10,39821227.0,18.9,0.0,172.1
1668,4e+10,39738517.0,19.9,0.0,171.7
1669,4e+10,39977548.0,19.9,0.0,170.8
1670,4e+10,40337119.0,19.7,0.0,171.0
1671,4e+10,40123951.0,19.9,0.0,171.0
1672,4e+10,40190916.0,19.9,0.0,171.3
1673,4e+10,25389103.0,20.0,0.0,171.8
1674,4e+10,40069497.0,19.6,0.0,170.9
1675,6e+10,44803561.0,0.1,0.7,152.1
1676,6e+10,45061641.0,0.1,0.6,152.4
1677,6e+10,44998728.0,0.1,0.7,152.2
1678,6e+10,44790814.0,0.1,0.7,151.9
1679,6e+10,44858212.0,0.1,0.6,152.6
1680,6e+10,44772952.0,0.1,0.7,151.8
1681,6e+10,44920347.0,0.1,0.6,151.7
1682,6e+10,44925244.0,0.1,0.6,151.6
1683,6e+10,44818213.0,0.1,0.7,152.1
1684,6e+10,44933387.0,0.1,0.6,152.1
1685,6e+10,44773914.0,0.1,0.7,152.3
1686,6e+10,44746545.0,0.1,0.7,152.3
1687,6e+10,45080437.0,0.1,0.6,152.4
1688,6e+10,44674803.0,0.1,0.7,152.1
1689,6e+10,45102194.0,0.1,0.6,152.2
1690,6e+10,44860109.0,0.1,0.6,152.4
1691,6e+10,44867363.0,0.1,0.6,151.9
1692,6e+10,44859208.0,0.1,0.7,152.3
1693,6e+10,44477235.0,0.1,0.6,152.0
1694,5e+10,44669814.0,0.5,0.0,153.8
1695,7e+10,44889903.0,0.1,0.7,152.0
1696,7e+10,44784738.0,0.4,0.0,153.8
1697,7e+10,44637442.0,0.1,0.6,152.3
1698,7e+10,44403499.0,0.1,0.7,152.4
1699,7e+10,45235744.0,0.1,0.7,152.4
1700,7e+10,45130913.0,0.1,0.7,152.1
1701,7e+10,44898499.0,0.5,0.0,154.2
1702,5e+10,27824849.0,0.1,0.7,152.2
1703,6e+10,44373998.0,0.1,0.7,152.2
1704,5e+10,44358275.0,0.1,0.7,152.3
1705,5e+10,44608412.0,0.1,0.7,152.4
1706,7e+10,44951727.0,0.1,0.7,152.0
1707,5e+10,44608149.0,0.1,0.6,152.2
1708,5e+10,44659430.0,0.1,0.6,152.3
1709,7e+10,45104470.0,0.1,0.6,151.8
1710,5e+10,44970868.0,0.1,0.6,151.7
1711,5e+10,44077377.0,20.0,0.0,171.5
1712,5e+10,43616374.0,20.4,0.0,172.0
1713,5e+10,44056706.0,20.0,0.0,171.6
1714,5e+10,43822533.0,20.3,0.0,171.9
1715,5e+10,43845790.0,20.1,0.0,171.6
1716,5e+10,44077056.0,20.0,0.0,171.4
1717,5e+10,44312118.0,19.9,0.0,172.7
1718,5e+10,43930719.0,20.3,0.0,171.7
1719,5e+10,44102597.0,18.6,0.0,170.0
1720,5e+10,43515943.0,19.8,0.0,171.0
1721,5e+10,43804781.0,20.6,0.0,172.1
1722,5e+10,43953748.0,20.2,0.0,171.6
1723,5e+10,43550129.0,21.0,0.0,172.2
1724,5e+10,44155425.0,21.1,0.0,172.6
1725,4e+10,44220103.0,20.0,0.0,171.9
1726,5e+10,44095202.0,19.8,0.0,171.2
1727,5e+10,44325302.0,19.8,0.0,171.1
1728,5e+10,44109792.0,20.1,0.0,171.6
1729,8e+10,99185829.0,0.1,0.6,152.3
1730,8e+10,72771698.0,0.1,0.6,152.3
1731,8e+10,99003434.0,0.1,0.7,151.8
1732,8e+10,99182957.0,0.1,0.6,152.3
1733,8e+10,96523131.0,0.1,0.7,151.7
1734,8e+10,96164104.0,0.1,0.7,151.9
1735,9e+10,99389462.0,0.1,0.7,152.2
1736,8e+10,99196022.0,0.1,0.6,152.3
1737,8e+10,80902984.0,0.3,0.0,153.2
1738,8e+10,67742712.0,0.1,0.7,151.9
1739,8e+10,96628361.0,0.1,0.7,152.5
1740,8e+10,96375132.0,0.1,0.6,152.4
1741,8e+10,99267670.0,0.1,0.6,152.6
1742,8e+10,99046288.0,0.1,0.6,152.2
1743,9e+10,99543649.0,0.1,0.6,151.9
1744,8e+10,99210430.0,0.1,0.7,152.1
1745,8e+10,96713097.0,0.1,0.7,151.9
1746,8e+10,96732083.0,0.1,0.7,152.0
1747,9e+10,100342397.0,0.1,0.7,152.5
1748,9e+10,100543241.0,0.1,0.7,152.0
1749,9e+10,100452647.0,0.1,0.6,151.9
1750,9e+10,100549226.0,0.3,0.0,153.3
1751,9e+10,100367984.0,0.1,0.6,152.3
1752,9e+10,100594106.0,0.1,0.6,152.0
1753,9e+10,100673534.0,0.1,0.6,151.9
1754,9e+10,100473873.0,0.1,0.6,152.1
1755,9e+10,100349408.0,0.4,0.0,153.3
1756,9e+10,100635352.0,0.4,0.0,153.3
1757,9e+10,100830016.0,0.1,0.6,151.8
1758,9e+10,100381654.0,0.1,0.6,152.0
1759,9e+10,100678463.0,0.1,0.5,151.9
1760,9e+10,100781687.0,0.1,0.6,151.9
1761,9e+10,100708246.0,0.1,0.6,151.8
1762,9e+10,100489963.0,0.1,0.7,152.4
1763,9e+10,100719466.0,0.1,0.6,151.9
1764,9e+10,100541220.0,0.1,0.7,151.7
1765,6e+10,100612788.0,22.9,0.0,174.2
1766,4e+10,100402768.0,21.2,0.0,172.8
1767,7e+10,115743103.0,21.1,0.0,172.9
1768,5e+10,100725978.0,22.3,0.0,175.3
1769,7e+10,101004984.0,22.4,0.0,173.7
1770,5e+10,100380139.0,22.4,0.0,174.2
1771,4e+10,100598532.0,22.4,0.0,173.9
1772,7e+10,100545762.0,22.8,0.0,173.7
1773,5e+10,100155400.0,22.8,0.0,174.0
1774,4e+10,100662826.0,23.0,0.0,174.6
1775,6e+10,100350661.0,22.5,0.0,174.1
1776,5e+10,100468635.0,22.7,0.0,174.3
1777,7e+10,100871206.0,22.1,0.0,173.7
1778,7e+10,101023395.0,22.4,0.0,173.8
1779,5e+10,100646863.0,22.4,0.0,174.3
1780,5e+10,100811868.0,22.5,0.0,173.5
1781,5e+10,58137744.0,22.9,0.0,174.3
1782,5e+10,101027326.0,23.9,0.0,175.1
1783,6e+10,44614584.0,0.1,0.6,151.9
1784,6e+10,44234195.0,0.1,0.6,151.6
1785,6e+10,44622283.0,0.1,0.6,151.8
1786,6e+10,44648409.0,0.1,0.6,152.5
1787,6e+10,44914550.0,0.1,0.5,151.9
1788,6e+10,44495692.0,0.1,0.5,151.8
1789,6e+10,44610951.0,0.1,0.5,152.2
1790,6e+10,44280221.0,0.1,0.6,152.0
1791,6e+10,44767461.0,0.1,0.6,151.8
1792,6e+10,44708867.0,0.1,0.5,152.2
1793,6e+10,44527194.0,0.1,0.6,151.8
1794,6e+10,45094386.0,0.1,0.6,151.9
1795,6e+10,44615339.0,0.1,0.6,152.0
1796,6e+10,44748988.0,0.1,0.5,152.2
1797,6e+10,44423282.0,0.1,0.6,151.8
1798,6e+10,44450246.0,0.1,0.5,152.3
1799,6e+10,44907581.0,0.1,0.6,152.5
1800,6e+10,44506005.0,0.1,0.6,152.1
1801,4e+10,44495070.0,0.1,0.6,152.2
1802,5e+10,44330245.0,0.1,0.6,152.2
1803,6e+10,44173391.0,0.1,0.6,152.3
1804,4e+10,44309523.0,0.1,0.5,151.9
1805,4e+10,44395796.0,0.1,0.5,151.9
1806,5e+10,44401592.0,0.1,0.6,152.4
1807,4e+10,44532446.0,0.1,0.6,152.0
1808,3e+10,44384160.0,0.1,0.6,152.2
1809,5e+10,44412186.0,0.1,0.6,151.6
1810,5e+10,44252283.0,0.1,0.6,151.5
1811,4e+10,28536618.0,0.1,0.6,152.1
1812,6e+10,44508522.0,0.1,0.5,151.8
1813,4e+10,44205905.0,0.1,0.6,152.4
1814,6e+10,44169074.0,0.1,0.6,152.5
1815,4e+10,44063114.0,0.1,0.5,152.3
1816,3e+10,44082195.0,0.1,0.6,152.1
1817,5e+10,44320663.0,0.1,0.6,152.1
1818,5e+10,33977741.0,0.1,0.6,152.0
1819,5e+10,44151427.0,24.2,0.0,175.6
1820,4e+10,33701849.0,23.9,0.0,175.7
1821,5e+10,44040276.0,23.9,0.0,175.6
1822,4e+10,44161160.0,23.9,0.1,175.8
1823,4e+10,46913370.0,23.9,0.0,175.7
1824,4e+10,42437768.0,24.0,0.0,175.8
1825,4e+10,43801704.0,23.6,0.0,174.8
1826,5e+10,43987402.0,23.9,0.0,175.4
1827,4e+10,44178352.0,23.5,0.0,175.4
1828,4e+10,43904038.0,23.9,0.0,175.8
1829,4e+10,43857532.0,24.4,0.0,175.7
1830,4e+10,43789514.0,24.2,0.0,175.5
1831,5e+10,44122044.0,22.7,0.0,174.0
1832,4e+10,43838691.0,22.6,0.0,173.5
1833,4e+10,44190232.0,22.7,0.0,174.0
1834,4e+10,43619612.0,24.0,0.0,175.7
1835,4e+10,43806824.0,24.0,0.0,175.4
1836,5e+10,43667067.0,23.8,0.0,175.1
1837,7e+10,49899820.0,0.1,0.6,152.5
1838,7e+10,49850697.0,0.1,0.5,152.3
1839,7e+10,49797944.0,0.1,0.6,152.4
1840,7e+10,49621695.0,0.1,0.6,152.0
1841,7e+10,49537453.0,0.1,0.5,152.0
1842,7e+10,50219448.0,0.1,0.6,151.7
1843,7e+10,49555499.0,0.1,0.6,151.9
1844,7e+10,50005139.0,0.1,0.6,152.2
1845,7e+10,49918488.0,0.1,0.4,151.6
1846,7e+10,49946004.0,0.1,0.6,152.3
1847,7e+10,49523312.0,0.1,0.5,152.2
1848,7e+10,49981576.0,0.1,0.5,152.4
1849,7e+10,50306231.0,0.1,0.5,151.7
1850,7e+10,49432023.0,0.1,0.4,151.7
1851,7e+10,49789634.0,0.1,0.6,151.8
1852,7e+10,50556153.0,0.1,0.6,151.9
1853,7e+10,49986282.0,0.1,0.6,152.3
1854,7e+10,49844514.0,0.1,0.6,152.0
1855,6e+10,49363044.0,0.1,0.6,152.1
1856,6e+10,49256506.0,0.1,0.6,152.1
1857,5e+10,49214412.0,0.1,0.7,152.0
1858,7e+10,49445061.0,0.1,0.5,152.1
1859,7e+10,49740908.0,0.1,0.5,152.4
1860,5e+10,49185710.0,0.1,0.6,151.9
1861,7e+10,49381234.0,0.1,0.5,151.8
1862,7e+10,49954464.0,0.1,0.6,151.8
1863,7e+10,49946861.0,0.1,0.6,151.9
1864,7e+10,49174313.0,0.1,0.5,151.8
1865,5e+10,49545145.0,0.1,0.5,151.7
1866,7e+10,49806610.0,0.1,0.6,152.0
1867,6e+10,49326981.0,0.1,0.6,152.3
1868,7e+10,49496732.0,0.1,0.6,152.2
1869,7e+10,49356126.0,0.1,0.6,152.0
1870,6e+10,49449233.0,0.1,0.6,151.8
1871,6e+10,51275486.0,0.1,0.6,152.4
1872,6e+10,49346966.0,0.1,0.5,152.3
1873,5e+10,31150182.0,24.3,0.0,175.5
1874,5e+10,49104522.0,24.2,0.2,175.6
1875,5e+10,48625854.0,23.9,0.0,175.8
1876,5e+10,48974862.0,23.9,0.0,175.7
1877,5e+10,49370674.0,23.7,0.0,175.0
1878,5e+10,48956941.0,23.5,0.0,174.6
1879,5e+10,48658305.0,24.3,0.0,175.4
1880,5e+10,48719187.0,23.9,0.0,175.8
1881,5e+10,49143819.0,24.1,0.0,175.6
1882,5e+10,49088038.0,23.8,0.0,174.9
1883,5e+10,48764538.0,23.8,0.0,174.9
1884,5e+10,48662822.0,23.5,0.0,174.5
1885,5e+10,48715718.0,24.3,0.0,176.1
1886,5e+10,49059643.0,22.1,0.1,173.4
1887,5e+10,49232883.0,24.1,0.0,175.7
1888,5e+10,48699356.0,23.9,0.0,175.7
1889,5e+10,49122265.0,23.9,0.0,175.3
1890,5e+10,48987637.0,23.7,0.3,175.6
1891,9e+10,117239691.0,0.1,0.6,151.9
1892,9e+10,116897300.0,0.1,0.6,152.2
1893,9e+10,116941390.0,0.1,0.6,152.5
1894,9e+10,117044732.0,0.1,0.4,151.8
1895,9e+10,112981054.0,0.1,0.6,151.9
1896,9e+10,112819692.0,0.1,0.6,152.0
1897,9e+10,116877644.0,0.1,0.6,152.1
1898,9e+10,117223163.0,0.1,0.6,152.5
1899,9e+10,117363397.0,0.1,0.6,152.1
1900,9e+10,116709512.0,0.1,0.4,151.6
1901,9e+10,112769728.0,0.1,0.6,151.9
1902,9e+10,113051967.0,0.1,0.6,152.3
1903,9e+10,116829911.0,0.1,0.6,151.9
1904,9e+10,117219582.0,0.1,0.6,152.3
1905,9e+10,117050538.0,0.1,0.5,152.2
1906,9e+10,117021780.0,0.1,0.6,152.0
1907,9e+10,112657061.0,0.1,0.6,151.9
1908,9e+10,113041909.0,0.1,0.5,152.2
1909,1e+11,119045734.0,0.1,0.6,152.4
1910,9e+10,119041166.0,0.1,0.6,151.9
1911,1e+11,119155577.0,0.1,0.5,152.3
1912,1e+11,119147389.0,0.1,0.6,152.2
1913,1e+11,118890585.0,0.1,0.6,151.8
1914,1e+11,118638172.0,0.1,0.5,152.4
1915,1e+11,119198656.0,0.1,0.6,152.5
1916,1e+11,118623873.0,0.1,0.6,152.0
1917,1e+11,118915841.0,0.1,0.4,151.8
1918,1e+11,119042754.0,0.1,0.6,151.8
1919,1e+11,119212821.0,0.1,0.6,151.8
1920,1e+11,118748897.0,0.1,0.4,151.9
1921,1e+11,126951815.0,0.1,0.6,152.1
1922,1e+11,119207452.0,0.1,0.6,151.9
1923,1e+11,119347344.0,0.1,0.6,151.9
1924,1e+11,118461301.0,0.1,0.4,151.5
1925,1e+11,119070021.0,0.1,0.6,151.7
1926,1e+11,119113157.0,0.1,0.6,152.2
1927,8e+10,119511495.0,26.6,0.0,177.8
1928,6e+10,118875688.0,26.8,0.0,178.3
1929,6e+10,118535085.0,26.3,0.0,178.0
1930,8e+10,119214507.0,24.3,0.0,175.9
1931,7e+10,119147628.0,25.7,0.0,176.6
1932,6e+10,119992461.0,26.1,0.0,177.7
1933,4e+10,119229767.0,26.9,0.0,178.7
1934,5e+10,119655892.0,24.1,0.0,175.3
1935,5e+10,119350870.0,26.8,0.0,178.6
1936,4e+10,119681434.0,26.8,0.0,178.5
1937,5e+10,119409990.0,26.6,0.0,178.2
1938,5e+10,119239559.0,26.0,0.0,177.4
1939,4e+10,119567653.0,26.2,0.0,177.6
1940,8e+10,122247715.0,26.3,0.0,177.3
1941,7e+10,65955548.0,25.0,0.0,176.8
1942,5e+10,119559761.0,24.8,0.0,176.2
1943,9e+10,120037331.0,24.5,0.0,175.9
1944,5e+10,119675921.0,26.2,0.0,177.6
1945,6e+10,39955844.0,0.1,0.6,152.1
1946,6e+10,46274223.0,0.1,0.6,152.0
1947,6e+10,44546411.0,0.1,0.6,151.9
1948,6e+10,45830889.0,0.1,0.6,151.9
1949,6e+10,29048303.0,0.1,0.7,151.9
1950,7e+10,45971397.0,0.1,0.7,152.1
1951,6e+10,29122881.0,0.1,0.7,152.4
1952,6e+10,45978592.0,0.1,0.7,152.5
1953,6e+10,41229328.0,0.1,0.7,152.1
1954,6e+10,46029844.0,0.1,0.6,152.0
1955,6e+10,45533752.0,0.1,0.7,152.1
1956,6e+10,29276634.0,0.1,0.6,151.8
1957,6e+10,45951623.0,0.1,0.6,152.1
1958,6e+10,45518236.0,0.1,0.6,152.3
1959,6e+10,45842661.0,0.1,0.7,152.5
1960,6e+10,45801827.0,0.1,0.7,152.4
1961,6e+10,46159013.0,0.1,0.6,152.1
1962,6e+10,42866361.0,0.1,0.6,152.6
1963,4e+10,45544639.0,0.1,0.6,151.8
1964,7e+10,45981130.0,0.1,0.5,151.8
1965,6e+10,45647834.0,0.1,0.6,152.4
1966,6e+10,45889783.0,0.1,0.5,151.5
1967,5e+10,45994379.0,0.1,0.7,152.1
1968,5e+10,45929647.0,0.1,0.7,151.6
1969,6e+10,45626319.0,0.1,0.6,152.1
1970,5e+10,46084706.0,0.1,0.6,151.9
1971,6e+10,45900852.0,0.1,0.7,151.9
1972,5e+10,45632023.0,0.1,0.7,152.2
1973,7e+10,29191817.0,0.1,0.6,152.1
1974,5e+10,45692321.0,0.1,0.6,151.8
1975,6e+10,45687295.0,0.1,0.5,151.8
1976,4e+10,45655718.0,0.1,0.6,152.1
1977,5e+10,45342377.0,0.1,0.6,152.2
1978,5e+10,45758622.0,0.1,0.6,152.1
1979,5e+10,45473580.0,0.1,0.7,152.6
1980,5e+10,46027375.0,0.1,0.6,152.2
1981,5e+10,44854820.0,25.0,0.0,176.5
1982,5e+10,44841641.0,24.9,0.0,176.2
1983,5e+10,45542785.0,24.8,0.0,176.0
1984,5e+10,45328931.0,25.4,0.0,176.8
1985,5e+10,45258670.0,24.9,0.0,176.9
1986,5e+10,45025496.0,25.0,0.0,176.3
1987,5e+10,45412919.0,26.1,0.0,178.1
1988,5e+10,44696207.0,26.2,0.0,177.8
1989,5e+10,45248205.0,25.4,0.0,176.8
1990,5e+10,45058048.0,24.9,0.0,175.9
1991,5e+10,44965099.0,24.1,0.0,175.6
1992,5e+10,45255393.0,25.7,0.0,177.1
1993,5e+10,45154652.0,25.3,0.0,176.6
1994,5e+10,44817353.0,25.3,0.0,176.4
1995,5e+10,45145630.0,25.5,0.0,176.6
1996,5e+10,44817241.0,25.8,0.0,177.5
1997,5e+10,118861754.0,24.5,0.0,176.0
1998,5e+10,45340365.0,24.3,0.0,175.7
1999,7e+10,51475631.0,0.1,0.6,152.5
2000,7e+10,50951203.0,0.1,0.6,152.4
2001,7e+10,50820474.0,0.1,0.6,152.4
2002,7e+10,51339971.0,0.1,0.5,151.8
2003,7e+10,51433096.0,0.1,0.6,151.8
2004,7e+10,51469363.0,0.1,0.7,152.2
2005,7e+10,51549641.0,0.1,0.7,152.1
2006,7e+10,51339447.0,0.1,0.6,151.8
2007,7e+10,50650526.0,0.1,0.6,152.2
2008,7e+10,51324451.0,0.1,0.5,151.6
2009,7e+10,51234563.0,0.1,0.7,152.2
2010,7e+10,50782370.0,0.1,0.7,152.0
2011,7e+10,50954083.0,0.1,0.7,152.5
2012,7e+10,50965510.0,0.1,0.6,152.0
2013,7e+10,51186431.0,0.1,0.7,152.6
2014,7e+10,51120641.0,0.1,0.7,151.8
2015,7e+10,51027180.0,0.1,0.7,152.3
2016,7e+10,51120091.0,0.1,0.6,152.1
2017,8e+10,50727367.0,0.1,0.6,152.0
2018,6e+10,50987468.0,0.1,0.6,152.0
2019,8e+10,51109203.0,0.1,0.6,152.4
2020,7e+10,50959707.0,0.1,0.6,152.0
2021,7e+10,50744919.0,0.1,0.6,151.8
2022,8e+10,50818787.0,0.1,0.7,152.1
2023,8e+10,50669658.0,0.1,0.5,151.8
2024,8e+10,50576161.0,0.1,0.6,151.8
2025,6e+10,50853372.0,0.1,0.7,152.0
2026,6e+10,50715155.0,0.1,0.6,151.8
2027,8e+10,50957072.0,0.1,0.6,151.8
2028,6e+10,50693696.0,0.1,0.6,152.2
2029,8e+10,50746300.0,0.1,0.6,152.3
2030,8e+10,50677990.0,0.1,0.6,152.0
2031,6e+10,50814122.0,0.1,0.6,152.6
2032,8e+10,50899478.0,0.1,0.7,151.6
2033,5e+10,50427599.0,0.1,0.7,152.2
2034,7e+10,50834774.0,0.1,0.7,152.2
2035,6e+10,50340562.0,25.3,0.0,176.5
2036,6e+10,50722652.0,25.3,0.0,176.9
2037,5e+10,49980143.0,24.8,0.0,175.9
2038,5e+10,49827610.0,25.4,0.0,177.2
2039,6e+10,50175975.0,25.5,0.0,177.0
2040,6e+10,50391745.0,25.3,0.0,176.5
2041,5e+10,50636587.0,25.0,0.0,176.2
2042,6e+10,50387682.0,25.0,0.0,176.3
2043,5e+10,51867253.0,25.3,0.0,176.5
2044,6e+10,50307194.0,25.0,0.0,176.3
2045,6e+10,31176210.0,25.3,0.0,177.1
2046,6e+10,50131914.0,25.4,0.0,176.9
2047,5e+10,50029745.0,24.1,0.1,176.1
2048,6e+10,49818245.0,25.7,0.0,176.8
2049,6e+10,50432595.0,24.9,0.0,176.3
2050,5e+10,50286428.0,25.5,0.0,177.1
2051,6e+10,50772428.0,24.9,0.0,176.3
2052,5e+10,50283705.0,24.8,0.0,176.5
2053,1e+11,118708206.0,0.1,0.6,152.7
2054,1e+11,118795578.0,0.1,0.6,152.3
2055,1e+11,118153276.0,0.1,0.6,152.1
2056,1e+11,118065694.0,0.1,0.6,152.1
2057,1e+11,80720841.0,0.1,0.6,152.1
2058,1e+11,114734478.0,0.1,0.5,151.7
2059,1e+11,118410602.0,0.1,0.6,152.0
2060,1e+11,118197547.0,0.1,0.7,152.4
2061,1e+11,118192704.0,0.1,0.7,152.4
2062,1e+11,140592506.0,0.1,0.6,151.7
2063,1e+11,115133363.0,0.1,0.6,152.0
2064,1e+11,146006922.0,0.1,0.6,152.1
2065,1e+11,118602443.0,0.1,0.6,152.3
2066,1e+11,118434339.0,0.1,0.6,152.5
2067,1e+11,118894421.0,0.1,0.7,152.0
2068,1e+11,118524736.0,0.1,0.6,152.4
2069,1e+11,114644221.0,0.1,0.7,152.4
2070,1e+11,63639055.0,0.1,0.6,151.8
2071,1e+11,120328241.0,0.1,0.6,151.9
2072,1e+11,120468502.0,0.1,0.6,152.0
2073,1e+11,95214151.0,0.1,0.6,151.7
2074,1e+11,119999662.0,0.1,0.6,152.2
2075,1e+11,119830933.0,0.1,0.6,151.7
2076,1e+11,120166936.0,0.1,0.6,152.5
2077,1e+11,120574678.0,0.1,0.6,152.5
2078,1e+11,120397779.0,0.1,0.6,151.8
2079,1e+11,120163213.0,0.1,0.6,152.5
2080,1e+11,122905171.0,0.1,0.7,152.4
2081,1e+11,120540552.0,0.1,0.6,152.0
2082,1e+11,98097186.0,0.1,0.5,151.6
2083,1e+11,120582039.0,0.1,0.7,152.0
2084,1e+11,120076182.0,0.1,0.6,152.1
2085,1e+11,120279036.0,0.1,0.5,152.0
2086,1e+11,120116139.0,0.1,0.6,152.0
2087,1e+11,120221044.0,0.1,0.6,151.9
2088,1e+11,120240275.0,0.1,0.6,151.6
2089,5e+10,120960980.0,27.7,0.0,178.9
2090,8e+10,120881906.0,27.7,0.0,178.9
2091,7e+10,120759713.0,27.7,0.0,178.9
2092,7e+10,92104053.0,27.7,0.0,179.0
2093,8e+10,121054343.0,27.4,0.0,178.7
2094,8e+10,120560801.0,27.8,0.0,179.5
2095,7e+10,120820914.0,27.3,0.0,178.4
2096,5e+10,120916192.0,28.0,0.0,179.9
2097,4e+10,66534621.0,27.9,0.0,179.2
2098,8e+10,121273083.0,27.4,0.0,178.4
2099,5e+10,120546462.0,27.8,0.0,179.0
2100,4e+10,121109062.0,26.5,0.0,178.2
2101,6e+10,121069736.0,27.6,0.0,179.0
2102,7e+10,120778021.0,25.3,0.0,176.6
2103,6e+10,120944335.0,25.2,0.0,176.6
2104,7e+10,121243058.0,24.8,0.0,177.9
2105,7e+10,121363930.0,25.4,0.0,176.9
2106,5e+10,121018298.0,27.4,0.0,178.3
2107,7e+10,50720869.0,0.1,0.4,151.3
2108,7e+10,50917118.0,0.1,0.6,152.3
2109,7e+10,50713472.0,0.1,0.6,152.1
2110,7e+10,50426951.0,0.1,0.6,152.1
2111,7e+10,50470722.0,0.1,0.6,151.6
2112,7e+10,50830213.0,0.1,0.6,151.8
2113,7e+10,50512512.0,0.1,0.6,152.1
2114,7e+10,50691160.0,0.1,0.6,151.9
2115,7e+10,50622725.0,0.1,0.6,152.3
2116,7e+10,50707785.0,0.1,0.5,151.6
2117,7e+10,50592054.0,0.1,0.5,152.4
2118,7e+10,50571342.0,0.1,0.6,151.8
2119,7e+10,50459576.0,0.1,0.6,152.0
2120,7e+10,50591009.0,0.1,0.6,151.5
2121,7e+10,50488443.0,0.1,0.5,152.2
2122,7e+10,50596764.0,0.1,0.5,152.0
2123,7e+10,50533337.0,0.1,0.6,152.1
2124,7e+10,50224911.0,0.1,0.6,152.0
2125,7e+10,52360358.0,0.1,0.6,151.8
2126,5e+10,50259491.0,0.1,0.6,151.9
2127,6e+10,50356376.0,0.1,0.6,152.5
2128,6e+10,50231017.0,0.1,0.6,152.2
2129,5e+10,50471312.0,0.1,0.6,152.3
2130,5e+10,50145901.0,0.1,0.6,151.9
2131,6e+10,50733714.0,0.1,0.6,152.3
2132,6e+10,50485584.0,0.1,0.4,151.4
2133,4e+10,50021842.0,0.1,0.6,152.5
2134,6e+10,50716767.0,0.1,0.5,151.5
2135,5e+10,50311475.0,0.1,0.6,151.7
2136,6e+10,50300341.0,0.1,0.6,151.8
2137,6e+10,50714212.0,0.1,0.5,151.8
2138,4e+10,50478365.0,0.1,0.5,152.1
2139,5e+10,50169622.0,0.1,0.6,151.8
2140,8e+10,48487564.0,0.1,0.6,152.0
2141,6e+10,50107704.0,0.1,0.5,151.9
2142,5e+10,50258529.0,0.1,0.6,152.4
2143,5e+10,50186648.0,18.0,0.0,168.9
2144,5e+10,50000083.0,18.3,0.0,169.1
2145,5e+10,50147434.0,18.2,0.0,169.4
2146,6e+10,32414664.0,18.5,0.0,170.3
2147,5e+10,50064013.0,18.3,0.0,169.4
2148,5e+10,49925882.0,18.3,0.0,169.6
2149,5e+10,50235095.0,18.2,0.0,169.3
2150,6e+10,50386759.0,18.3,0.0,170.0
2151,5e+10,49693529.0,18.4,0.0,169.5
2152,5e+10,50209949.0,18.3,0.0,169.3
2153,5e+10,50490498.0,18.4,0.0,169.9
2154,6e+10,50228598.0,18.0,0.0,169.4
2155,5e+10,49781366.0,18.2,0.0,169.7
2156,5e+10,50149830.0,18.7,0.0,169.6
2157,5e+10,50164815.0,18.2,0.0,169.8
2158,5e+10,49797359.0,18.2,0.0,169.8
2159,5e+10,50376832.0,17.9,0.0,169.7
2160,6e+10,49790751.0,18.3,0.0,170.0
2161,8e+10,56437315.0,0.1,0.6,151.9
2162,8e+10,56655540.0,0.1,0.5,151.5
2163,8e+10,57178013.0,0.1,0.6,152.4
2164,8e+10,56715474.0,0.1,0.6,152.1
2165,8e+10,56610221.0,0.1,0.6,152.1
2166,8e+10,56679094.0,0.1,0.6,151.7
2167,8e+10,56521724.0,0.1,0.6,152.1
2168,8e+10,56925148.0,0.1,0.5,151.9
2169,8e+10,56925818.0,0.1,0.6,152.4
2170,8e+10,56841699.0,0.1,0.6,152.1
2171,8e+10,56542479.0,0.1,0.6,151.6
2172,8e+10,57051249.0,0.1,0.6,151.8
2173,8e+10,56418938.0,0.1,0.6,152.2
2174,8e+10,56890231.0,0.1,0.5,151.7
2175,8e+10,57391062.0,0.5,0.0,153.8
2176,8e+10,57018381.0,0.1,0.6,151.8
2177,8e+10,57292093.0,0.1,0.6,151.9
2178,8e+10,56767426.0,0.1,0.5,151.8
2179,5e+10,56332958.0,0.1,0.5,152.1
2180,9e+10,56618767.0,0.1,0.6,151.8
2181,7e+10,56244537.0,0.1,0.6,152.0
2182,8e+10,56085156.0,0.1,0.6,152.0
2183,9e+10,56262392.0,0.1,0.6,151.9
2184,7e+10,56259472.0,0.1,0.5,152.4
2185,8e+10,56230279.0,0.1,0.5,152.2
2186,7e+10,56788268.0,0.1,0.6,152.0
2187,8e+10,56244449.0,0.1,0.6,151.8
2188,7e+10,56280065.0,0.1,0.5,151.7
2189,8e+10,56178238.0,0.1,0.6,151.9
2190,8e+10,56360058.0,0.1,0.6,151.9
2191,9e+10,56685324.0,0.1,0.6,152.3
2192,8e+10,56280902.0,0.1,0.6,152.2
2193,5e+10,56445410.0,0.1,0.6,151.9
2194,7e+10,56866886.0,0.1,0.6,151.8
2195,9e+10,56660751.0,0.1,0.6,152.0
2196,5e+10,56475653.0,0.1,0.6,151.7
2197,6e+10,56193834.0,18.1,0.0,169.9
2198,6e+10,56166239.0,18.1,0.0,169.2
2199,6e+10,56079317.0,18.2,0.0,169.5
2200,6e+10,56003688.0,18.7,0.0,169.9
2201,6e+10,56477718.0,18.0,0.0,169.2
2202,6e+10,56126659.0,18.2,0.0,169.4
2203,6e+10,55661701.0,18.8,0.0,170.2
2204,6e+10,56306174.0,18.2,0.0,169.4
2205,6e+10,55817589.0,18.2,0.0,170.0
2206,6e+10,52288574.0,17.6,0.0,168.7
2207,7e+10,56036070.0,17.8,0.0,169.4
2208,7e+10,56274505.0,18.2,0.0,169.2
2209,6e+10,55895494.0,17.7,0.0,168.8
2210,6e+10,56114451.0,18.1,0.0,169.5
2211,6e+10,55960545.0,17.0,0.0,170.8
2212,6e+10,56362703.0,17.5,0.0,168.8
2213,6e+10,56510564.0,18.3,0.0,169.5
2214,6e+10,55953563.0,18.2,0.0,169.6
2215,1e+11,75456215.0,0.1,0.6,151.8
2216,1e+11,137237835.0,0.1,0.5,152.0
2217,1e+11,137573523.0,0.1,0.6,152.2
2218,1e+11,101576678.0,0.1,0.6,151.9
2219,1e+11,131924796.0,0.1,0.5,152.4
2220,1e+11,132256219.0,0.1,0.6,151.7
2221,1e+11,137329868.0,0.1,0.6,152.0
2222,1e+11,137591539.0,0.1,0.4,151.4
2223,1e+11,138004181.0,0.1,0.6,151.8
2224,1e+11,75578566.0,0.1,0.4,151.5
2225,1e+11,132501119.0,0.1,0.5,152.1
2226,1e+11,132473398.0,0.1,0.6,151.8
2227,1e+11,79588118.0,0.1,0.6,152.3
2228,1e+11,137056301.0,0.1,0.4,151.4
2229,1e+11,118325586.0,0.1,0.6,151.9
2230,1e+11,92333990.0,0.1,0.6,152.3
2231,1e+11,132669531.0,0.1,0.4,151.5
2232,1e+11,132890209.0,0.1,0.5,152.2
2233,1e+11,80834781.0,0.1,0.4,151.5
2234,1e+11,139141722.0,0.1,0.6,151.9
2235,1e+11,139526861.0,0.1,0.6,152.3
2236,1e+11,139619007.0,0.1,0.5,152.2
2237,1e+11,80145160.0,0.1,0.6,151.9
2238,1e+11,80094445.0,0.1,0.5,151.8
2239,1e+11,139550916.0,0.1,0.5,152.1
2240,1e+11,127260080.0,0.1,0.6,152.1
2241,1e+11,82824940.0,0.1,0.5,152.0
2242,1e+11,139806061.0,0.1,0.6,152.0
2243,1e+11,139686723.0,0.1,0.5,152.4
2244,1e+11,139961868.0,0.1,0.6,151.6
2245,1e+11,139831831.0,0.1,0.6,152.3
2246,1e+11,139515115.0,0.1,0.5,151.6
2247,1e+11,144812421.0,0.5,0.0,154.1
2248,1e+11,90786579.0,0.1,0.6,152.1
2249,1e+11,139719606.0,0.1,0.5,152.3
2250,1e+11,76836281.0,0.1,0.6,151.8
2251,9e+10,141103852.0,21.2,0.0,172.4
2252,5e+10,140127593.0,20.8,0.0,172.1
2253,6e+10,140395037.0,20.6,0.0,172.1
2254,5e+10,140615502.0,20.6,0.0,171.7
2255,9e+10,140146523.0,20.2,0.0,171.6
2256,1e+11,140879593.0,20.9,0.0,172.6
2257,6e+10,141449983.0,20.5,0.0,171.6
2258,7e+10,141421788.0,21.5,0.0,173.4
2259,7e+10,140840947.0,20.6,0.0,172.1
2260,7e+10,140464848.0,20.0,0.0,171.0
2261,6e+10,140916824.0,20.4,0.0,171.5
2262,6e+10,107930596.0,21.2,0.0,172.3
2263,5e+10,140748958.0,19.5,0.0,173.1
2264,7e+10,141411633.0,20.1,0.0,171.7
2265,8e+10,140980927.0,20.8,0.0,172.1
2266,5e+10,141244892.0,20.6,0.0,172.0
2267,6e+10,141560514.0,20.7,0.0,172.3
2268,7e+10,77529542.0,20.7,0.0,171.5
